1,ACIDO URICO
2,ALBUMINA
3,AMILASA EN SUERO U ORINA
16,CALCIO SANGRE U ORINA
4,ANTICUERPOS ANTI DNA NATIVO (IFI)
5,ANTICUERPOS ANTINUCLEARES ANA-IFI
6,ANTIESTREPTOLISIMAS(TITULACION)
7,ANTIGENO CARCINOEMBRIONARIO -ACE
8,ANTIGENO CA -125
9,ANTIGENO ESPECIFICO PROSTATA -PSA
10,ANTIGENOS FEBRILES-SEROAGLUTINACION
11,AZUCARES REDUCTORES EN FECALES
12,BACILOSCOPIA BK
13,BETA HCG CUANTITATIVO
17,CELULAS FALCIFORMES (DREPANOCITOS)
14,BILIRRUBINA TOTAL Y DIRECTA
15,BUN (NITROGENO UREICO)
18,CELULAS L.E.
19,CITOLOGIA VAGINAL
20,CITOMEGALOVIRUS ACS-IGG-ANTI-CMV-G
21,CITOMEGALOVIRUS ACS-IGG-ANTI-CMV-M
22,  TOQUIMICO DE LIQUIDOS
23,CK CPK TOTAL
24,CK FRACCION MB
25,CLASIFICACION SANGUINEA ABO Y RH
26,CLORO
27,COLESTEROL DE ALTA DENSIDAD H.D.L.
28,COLESTEROL DE BAJA DENSIDAD L.D.L.
29,COLESTEROL TOTAL
30,COLORACION DE GRAM
31,COLORACION DE WRIGHT
32,COMPLEMENTO SERICO FRACCION 3-C3-
33,COMPLEMENTO SERICO FRACCION 4-C4-
34,COOMBS DIRECTO
35,COOMBS INDIRECTO
36,COPROCULTIVO
37,COPROLOGICO
38,COPROSCOPICO (PH.AZU.SANG.LEU.PARA)
39,CORTISOL
40,CREATININA
41,CREATININA EN ORINA DE 24 HORAS
42,CUADRO HEMATICO (HEMOGRAMA)
43,CUERPOS CETONICOS EN SUERO U ORINA
44,CULTIVO DE ORINA RECUENTO Y ANTIBIO
45,CULTIVO PARA AEROBIOS DE ABSCESOS
46,CULTIVO PARA HONGOS
47,DEPURACION CREATININA INCLUYE SUERO
48,DESHIDROGENASA LACTICA
49,ELECTROFORESIS DE PROTEINAS EN SUER
50,EOSINOFILOS EN MOCO NASAL
51,ERITROSEDIMENTACION POR METODO WEST
52,ESPERMOGRAMA
53,ESTRADIOL
54,EXTENDIDO DE SANGRE PERIFERICA
55,EXUDADO VAGINAL
56,FENOBARBITAL
57,FIBRINOGENO CUANTITATIVO
58,FOSFATASA ACIDA TOTAL
59,FOSFATASA ALCALINA
60,FOSFORO EN SUERO O EN ORINA
61,F.T.A - A.B.S- (EIA)
62,GLUCOSA
63,GLUCOSA PRE Y POST PRANDIAL
64,GLUCOSA PRE Y POSTCARGA
65,H.I.V (SIDA)
66,HEMOCLASIFICACION
67,HEMOCULTIVOS
68,HEMOGLOBINA
69,HEMOGLOBINA GLICOSILADA FRAC A1C ES
70,HEMOPARASITOS
71,ANTIGENO HEPATITIS B  AUSTRAL AG
72,HEPATITIS A ANTICUERP TOTALES HVA
73,HEPATITIS A ACS IGM ANTI-HVA-M
74,ANTICUERPO HEPATITIS C HVC
75,HERPES I O II IGG
76,HERPES I O II IGM
77,HIERRO SERICO TOTAL
78,HORMONA ESTIMULANTE DE TIROIDES TSH
79,HORMONA FOLICULO ESTIMULANTE F.S.H
80,HORMONA LUTEINIZANTE LH
81,INMUNOGLOBINA A - IGA
82,INMUNOGLOBINA E TOTAL IGE
83,INMUNOGLOBINA G IGG
84,INMUNOGLOBINA M IGM
85,KOH
86,LEUCOGRAMA
87,LIPASA
88,LITIO
89,MICROALBUMINURIA
90,MONOTEST (ANTICURPOS HETEROFILOS)
91,PARCIAL DE ORINA
92,PERFIL LIPIDICO
93,POTASIO
94,PROLACTINA -MUESTRA UNICA
95,PROLACTINA POLL 3 MUESTRAS
96,PROTEINA C REACTIVA (CUANTITATIVA)
97,PROTEINAS EN ORINA DE 24 HORAS
98,PROTEINAS TOTALES
99,PROTEINAS TOTALES Y DIFERENCIADAS
100,PRUEBA DE EMBARAZO CUALITATIVA
101,PRUEBA TOLERANCIA A GLUCOSA 3-4 HOR
102,R.A TEST (FACTOR REUMATOIDEO)
103,RECUENTO DE PLAQUETAS
104,RECUENTO DE RETICULOSITOS
105,ANTICUERPOS RUBEOLAS IGM (RIA/EIA)
106,ANTICUERPOS RUBEOLAS IGG (RIA/EIA)
107,SANGRE OCULTA EN MATERIA FECAL
108,SEROLOGIA
109,SODIO
110,SUBUNIDAD BETA HCG CUANTITATIVA
111,T3 TOTAL- TRIYODOTIRONIMA
112,T3 T4 TSH PERFIL TIROIDEO
113,T4 LIBRE - TIROXINA LIBRE
119,TESTOSTERONA TOTAL
114,T4 TOTAL - TIROXINA TOTAL
115,ANTICUERPOS TOXOPLASMA IGG
116,ANTICUERPOS TOXOPLASMA IGM
117,TECNICA DE GRAHAM PARA OXIUROS
118,TESTOSTERONA LIBRE
120,TIEMPO DE PROTROMBINA -PT
121,TIEMPO DE SANGRIA
122,TIEMPO DE PARCIAL DE TROMBOPLAS PTT
123,TRANSAMINASAS T.G.O(AST)Y T.G.P(ALT)
124,TRIGLICERIDOS
125,TSH
126,UROCULTIVO
127,VDRL
128,V.I.H. ANTICUERPPOS
129,ECO OBSTETRICA
130,ECO TRANSVAGINAL
131,ECO PELVICA
132,ECO RENAL
133,ECO HEPATOBILIAR
134,ECO DE MAMA
135,ECO ABDOMINAL TOTAL
136,ECO TESTICULAR
137,ECO DE CADERA
138,ECO DE TIROIDES
139,ECO ABDOMINAL SUPERIOR
140,ECO DE PROSTATA
141,ECO DE OJOS
160,ESCAN CEREBRO SIMPLE
161,ESCAN CEREBRO CON CONTRASTE
162,ESCAN CEREBRO SIMPLE/CONTRASTE
163,ESCAN ORBITAS
164,ESCAN SENOS PARANASALES
165,ESCAN PELVIS (HIGADO)
166,ESCAN CUELLO O LARINGE
167,ESCAN TORAX
168,ESCAN TORAX INC SUPRARENALES
169,ESCAN COLUMNA (C/REGION)
170,ESCAN ABDOMEN TOTAL
171,ESCAN SILLA TURCA (HIPOF)
172,ESCAN EXTREMIDADES
173,ESCAN ARTCULACION TEMPO MANDIBULAR
174,ESCAN OIDOS (C.A.I)
175,ESCAN LARINGE Y CUELLO
176,ESCAN ABDOMEN SUPERIOR
184,RX TANGENCIALES DE ROTULA
185,RX PANORAMICA MIEMBROS INFERIORES
186,RX ESTUDIO DE HUESOS LARGOS AP
187,RX OSTEODENSITOMETRIA POR ABSORCION
188,RX FOTOPODOGRAFIA
177,"RX DEDO,MANO,PUNO,CODO,ANTE,CLAVI,MUNECA"
178,"RX BRAZO,RODILLA,FEMUR,HOMOPLATO,HOMBRO"
179,"RX TEST DE FARILL,ESTUDIO PIE PLANO"
180,RX TEST DE ANTEVERSION FEMORAL
181,"RX PELVIS,CADERA,ARTIC,SACRO,COXOFE"
182,RX COMPAR.REGIONES ANTERIORES
183,ACIDO FOLICO
189,"RX CRA,ARCO,HUES NASAL,MAXI SUP,SILL TUR"
190,"RX MALAR,MAX INF,SENOS PARA,ORB,AGU-OPT"
191,RX CRANEO SIMPLE
192,RX CRANEO SIMPLE+BASE DE CRANEO
193,RX MASTOIDES COMPARATIVAS
194,RX PERFILOGRAMA-CEFALOMETRIA
195,"RX CAVUM FARINGEO-CUELLO,TEJIDO BLANDO"
196,ACIDO VALPROICO O DEPAKENE
197,RX COLUMNA CERVICAL
198,RX COLUMNA DORSAL
199,RX COLUMNA LUMBOSACRA
200,RX SACRO- COCCIX
201,RX TEST DE ESCOLIOSIS
202,ALBUMINA EN ORINA 24 HORAS
203,RX PANORAMICA COLUMNA VERTEBRAL
204,"RX TORAX (PA,PA Y LATERAL)-REJA COSTAL"
205,RX ESTERNON-ARTIC.ESTERNO CLAVICULARES
206,RX FLUOROSCOPIA PULMONAR
207,"RX SERIE CARDIOVASCULAR(CORAZON,VASOS)"
208,ANTI HBS (ANTIGENO DE SUPERFICIE)AUSTRAL
209,RX MAMOGRAFIA BILATERAL O XEROMAMOGRAFIA
210,RX GALACTOGRAFIA
211,RX MAMOGRAFIA UNILATERAL-PIEZA QUIRURGIC
212,RX FLUOROSCOPIA IMPLANTA.MARCAPASO
213,RX ABDOMEN SIMPLE
214,RX ABDOMEN SIMPLE CON PROYECC ADICIONAL
215,RX PIELOGRAFIA RETROGADA O ANTEROGRADA
216,RX UROGRAFIA INTRAVENOSA
217,RX UROGRAFIA CON NEFROTOMOGRAFIA
218,RX COLANGIOGRAFIA OPERATORIA
219,RX COLANGIOGRAFIA POST-OPERATORIA
220,RX PROCEDIMIENTO ESPEC. CON FLUOROSCOPIA
221,RX COLECISTOGRAFIA
222,RX ESOFAGO
223,RX ESTOMAGO DUODENO Y TRANSIT INTESTINAL
224,"RX ESFOFAGO,ESTOMAGO,DUODENO VIAS ALTAS"
225,RX TRANSITO INTESTINAL CONVENCIONAL
226,RX TRANSITO INTESTINAL DOBLE CONTRASTE
227,RX COLON POR ENEMA CONVENC. O X INGESTA
228,RX COLON POR ENEMA CON DOBLE CONTRASTE
229,"RX ESOFAGO,ESTOMAGO DOUDENO DOBLE CONTRA"
230,RX CISTOGRAFIA O CISTOURETROGRAFIA
231,RX HISTEROSALPINGOGRAFIA
232,RX URETROGRAFIA RETROGADA
233,RX ARTROGRAFIA O NEUMOARTROGRAFIA
234,RX FLEBOGRAFIA DE MIEMBRO SUP/INF X EXTR
235,RX SIALOGRAFIA (POR GLANDULA)
236,RX DACRIOCISTOGRAFIA UNILATERAL
237,RX ARTERIOGRAFIA PERIFRICA
238,RX PIELOGRAFIA O COLANGIOGRAFIA PERCUTAN
239,RX FISTULOGRAFIA AL VALOR DE LA REGION
240,RX CAVERNOGRAFIA
241,RX PORTATILES SIN FLUOROSCO-INTESIF IMAG
242,RX UROGRAFIA EXCRETORA
243,RX SONOMAMOGRAFIA O ULTRASONIDO DE SENO
244,RX PERICARDIO PLEURA O TORAX
245,"RX EXTREM,ARTICUL,CADERA PEDIA,HOMB,RODI"
246,RX TRANSRECTAL
247,"RX BIOPSIA PERCUTANEA,PUNCION,ASPIRACION"
248,RX DERIVACION O DRENAJE A LA ZONA
249,ECODOPP VENOSO
250,ESTUDIO DE IMPOTENCIA
253,INMUNOTERAPIA
254,PRUEBA DE FUNCION PULMONAR
255,PRUEBA DE ESFUERZO
256,MONITOREO HOLTER 24 HORAS
251,PRUEBAS CUTANEAS AEROALERGENOS
252,PRUEBAS CUTANEAS ALIMENTOS
257,ELECTROCARDIOGRAMA
258,ECOCARDIOGRAMA MOD M BIDIMENC DOPLER COL
259,FRIBROBRONCOSCOPIA
260,DPT - ADULTO
261,POLIO ORAL
262,HIB (MERINGITIS)
263,HEPATITIS B (NI—OS)
264,HEPATITIS B (ADULTOS)
265,HEPATITIS A (NI—OS)
266,VARICELA
267,MMR
268,ANTIGRIPAL - INFLUENZA
269,ELECTROENCEFALOGRAMA
270,COLPOSCOPIA
271,SUERO DE ACIDO ASCORBICO
272,SUERO POLARIZANTE
273,SUERO DE QUELACION
274,MAGNETOTERAPIA
275,TERAPIA NEURAL
276,COLONTERAPIA
277,LIMPIEZA FACIAL PROFUNDA
278,DRENAJE LINFATICO MANUAL
279,MASAJE DE RELAJACION TERAPEUTICO ANTIEST
280,MESOTERAPIA CORPORAL
281,MESOLIFTING
282,HIDRATACION FACIAL
283,VELOS DE COLAGENO
284,MAMOGRAFIA
285,GALACTOGRAFIA
286,MARCAC CON ARPON O DIRIGIDA AL SENO
287,GUIA ECOGRAFICA PARA CITOLOGIA DE SENO
288,ACUPUNTURA
289,AUTOHERNOTERAPIA
290,HEMOACTIVACION
291,OXIVENACION
292,OZONOTERAPIA
293,SUEROS EDTA
294,SUEROS MINERALES
295,SUEROS VITAMINA C
296,TERAPIA MUSCULAR
297,BCG
298,BOOSTRIX (DPT ACELULAR)
299,TD (ADULTOS)
300,TETANO
301,MMR (PRIORIX)
302,DPT + P + HIB (PENTA ACELULAR)
303,DPT + P + HIB + HEP.B (HEXA ACELULAR)
304,MENINGOCOCO
305,HEPATITIS A+B (NI—OS)
306,HEPATITIS A+B (ADULTOS)
307,HEPATITIS A (ADULTOS)
308,NEUMOCOCO -23
309,NEUMOCOCO (PREVENAR)
310,PPD (PRUEBA DE TUBERCULINA)
311,WINRHO (ANTI D)
312,RABIA - ANTIRRABICA
313,FIEBRE AMARILLA
314,FIEBRE TIFOIDEA
315,ONCOLOGIA CLINICA
316,CAMPOS VISUALES
317,ANGIOGRAFIA DE RETINA 2 OJOS
318,ECO OCULAR
319,TOPOGRAFIA CORNEAL
320,ELECTRORETINOGRAMA
321,POTENCIALES VISUALES
322,QUIMIOTERAPIA INTRATEPAL
323,TRATAMIENTO HORMONAL
324,QUIMIOTERAPIA TIPO I
325,QUIMIOTERAPIA TIPO II
326,QUIMIOTERAPIA TIPO III
327,CAREOTIPO EN SANGRE
328,CAREOTIPO EN LIQUIDO ANMIOTICO
329,CAREOTIPO FRAGIL X
330,ECOGRAMA FETAL
331,ANALISIS DE PATERNIDAD DNA
332,MONITOREO PRESION ARTERIAL 24 HORAS
333,ECO OBSTETRICA NIVEL III
334,ECO OBSTETRICA CON PERFIL BIOFISICO
335,"ECO HIGADO,PANCREAS,VIA BILIARES,VESICU"
336,"ECO RI—ONES,BRAZO,AORTA O ADRENALES"
337,"ECO VIAS URINARIAS(RI—ONES,VEJIGA,PROST"
338,ECO CEREBRAL O TRANSFONTANELAR
339,"ECO TRANSRECTAL (PROSTATA,INTESTIN"
340,CAPTACION DE 1-131 POR TIROIDES A 4/0
341,GAMAGRAFIA DE TIROIDES CON IND DE CAPTAC
342,BARRIDO METASTASICO + VALOR DROGA
343,ESTUDIO DE FEOCROMACITOMA(MIBG)+VLR DROG
344,TERAPIA DE CA DE TIROIDES
345,TERAPIA DE HIPERTIROIDISMO +VLR DROGA
346,GAMAGRAFIA DE GLANDULAS PARATIROIDES
347,TEST DE SUPRESION T3 CON GAMAGRAFIA
348,GAMAGRAFIA DE SPRARRENALES CON YODO COLE
349,TERAPIA CON FOSFORO 32
350,2ST DE TUMORES NEUROENDOCRINOS(OCTR-ESCA
351,GAMAGRAFIA HEPATOESPIESPIENICA(HEP Y BRA
352,POOL SANGUINEO HEPATICO
353,GAMAGRAFIA HEPATOBILIAR (HIDA)
354,INV DE HOMORRAGIA DIG TRACTO GASTROIN BA
355,"EST GLANDU SALIVALES, ESTATICO Y FUNCION"
356,INV DIVERTICULO DE MECKEL
358,INV DE VACIAMIENTO GASTRICO
357,INV DE REFLUJO GASTROESOFALICO
359,TRANSITO ESOFAGICO
360,INV DE REFLUJO BILIAR
361,GAMAGRAFIA DEL MIOCARDIO CON PIROFOSFATO
362,ESTUDIOS VASCULARES ARTERIALES-PERFUSION
363,VENOGRAFIA CON RADIONUCLIDOS
364,VIABILIDAD MIOCARDICA CON TALIO
365,RECHAZO TRANSPLANTE CARDIACO
366,GAMAGRAFIA PULMONAR PERFUSION
367,GAMAGRAFIA PULMONAR VENTILACION
368,BUSQUEDA DE HEMORRAGIA PULMONAR
369,GAMAGRAFIA PULMONAR PERFUSION-VENTILACIO
370,RENOGRAMA SECUENCIAL FILTRACION GLOMERUL
371,FLUJO PLASMATICO RENAL EFECTIVO
372,RESIDUO VESICAL (SONDAS)
373,FILTRACION GLOMERULAR
374,GAMAGRAFIA DE PERFUSION TESTICULAR
375,CISTOGRAFIA DIRECTA
376,RENOGRAMA BASAL Y POST. CAPTOPRIL
377,GAMAGRAFIA RENAL ESTADISTICA DMSA
378,PERFUSION RENAL
379,RENOGRAMA CON MAG 3+V/FARMACO MERTIATIDE
380,RENOGRAMA DIURETICO
381,RECHAZO TRANSPLANTE RENAL
382,GAMAGRAFIA OSEA SEGMENTARIA CORPORAL TOT
383,GAMAGRAFIA OSEA 3 FASES
384,GAMAGRAFIA OSEA CON SPECT
385,GAMAGRAFIA DE VIAS LAGRIMALES
386,ESTUDIO CON GALIO 07 INFECC Y TUMORACION
387,ESTUDIO DE VIABILIDAD TUMORAL
388,GAMAGRAFIA ANTICUERPOS MONOCLONALES SOD
389,SALIVOGRAMA (TEST DE BRONCOASPIRACION)
390,GAMAGRAFIA CEREB ESTAT. PARA EST.METASTA
391,GAMAGRAFIA CEREB DINAMI. EST.MUERTE CERE
392,CISTERNOGRAMAGRAFIA + VALOR DROGA
401,CALCIO CERICO
402,TOMOGRAFIA
403,ECO PELVICA TRANSVAGINAL
142,ECO DE TEJIDOS BLANDOS
159,ESCAN RINOFARINGE
143,RX PAQUETE DE ORTODONCIA
144,RX TRAZO CEFALOMETRICO
145,RX LATERAL DE CRANEO
146,RX FOTOGRAFIA CLINICA(PAPE.-DIAPO.-DIGI)
393,EVA. DE DERIV. Y/O DRENAJE ANOMALOS LCR
394,GAMAGRAFIA DE SPECT CERE.(HMPAO)-PERFUSI
395,ANALISIS DE PRIMER PASO DE SHUNTS
396,FRACCION DE EYEC.VI.GLOBAL Y REGION ANAL
397,FRACCION DE EYEC.Y MOVILIDAD PARED VETRI
398,INFARTO AGUDO LOCALIZADO CON ISONITRILO
399,PRUEB ESFUERZO CON ISONITRILOS EN REPOSO
400,CARBOMAZEPINA
147,RX MODELOS DE ESTUDIO
148,RX CARPOGRAFIA
149,RX PANORAMICA
150,RX CORONAL
151,RX OCLUSAL
152,RX PERIAPICAL COMPLETO
153,RX PERIAPICAL MILIMETRADO
154,RX PERIPICAL PARCIAL
155,RX ATM
156,ESTUDIO INTEGRAL FOLICULAR-ECO TRANSVAGI
157,ESTUDIO INTEGRAL FOLICULAR ECO TRANS ABD
158,MODALIDAD DINAMICA
408,ELECTROMIOGRAFIA 4 EXTREMIDADES
404,ELECTROMIOGRAFIA FACIAL
405,BIOPSIA (EQUIPO MEDICO)
406,PRUEBA DE ESTIMU.REPETI.MIASTENIA GRAVIS
407,ELECTROMIOGRAFIA 2 EXTREMIDADES
409,LIGADURAS DE HEMORROIDES CON BANDAS
410,RECTOSIMOIDOSCOPIA
411,COLONOSCOPIA TOTAL
412,COLONOSCOPIA
420,AUDIOMETRIA
421,IMPEDANCIOMETRIA
422,LOGOAUDIOMETRIA
423,ENDOSCOPIA
685,TEST DE HOLTER EKG
425,ECOCARDIOGRAMA
426,BIOMETRIA DE UN OJO
427,BIOMETRIA DE DOS OJOS
428,GAMAGRAFIA DE VIAS DIGESTIVAS
429,TERAPIA RESPIRATORIA
430,"RESONAN CEREB,AXIAL,SAGITAL Y CORONAL"
431,RESONAN ORBITAS
432,RESONAN BASE DE CRANEO-SILLA TURCA
433,RESONAN COLUMNA CERVICAL
434,RESONAN COLUMNA TORAXICA
435,RESONAN COLUMNA LUMBOSACRA
436,RESONAN TORAX-APARATO CARDIOV
437,RESONAN ABDOMEN
438,RESONAN PELVIS
439,RESONAN SIST MUSCULO ESQUELETICO
440,"RESONAN PIE,ROD,CUELL D PIE,CAD,COD,HOM"
441,RESONAN ARTICULACION TEMPOROMANDIBULAR
442,RESONAN COMPARATIVO ARTICULACIONES
443,"RESONAN ANGIORESONAN CEREB,CUELLO,TORAX"
444,"RESONAN ANGIORESON ABDOM,PELVIS,EXTREM"
445,RESONAN POR COLANGIOGRAFIA
446,RESONAN POR URORESONANCIA
447,RESONAN POR MIELOGRAFIA
448,CISTOSCOPIA
449,RX CORONAL JUEGO COMPLETO
450,RX CORONAL PARCIAL
451,RX DE PERFIL
452,RX ANTERO-POSTERIOR
453,RX CARPAL
454,RX ESTUDIO DE PERIODONCIA
455,RX MODELOS DE TRABAJO
456,RX TRAZOS CEFALOMETRICO COMPUTARIZADO
457,RX FOTOS INTRAORALES Y EXTRAORALES
458,RX INTRAORALES
459,RX EXTRAORALES
460,RX ESTUDIO DE ORTODONCIA SIMPLE
461,RX ESTUDIO DE ORTODONCIA COMPLEJO
744,TRIPLE VIRAL
463,RX ESTUDIO DE REHABILITACION ORAL(PANO/E
745,LEPTOSPIROSIS
465,RX DE COLUMNA DORSAL-LUMBAR
466,ARTERIOGRAFIA M.I.D.
482,"ECO DE VIAS URINARIAS (RI—O,VEJI Y PROS)"
483,ECO DE ABDOM Y PELV COMO GUIA INTERVENCI
467,RESONAN HIPOFISIS CON CONTRASTE
468,ECO ART CADERA HOMBRO RODILLA
469,"ECO ARTICULAR DE HOMB,RODI,PELVIS,CADERA"
470,"ECO BIOPSIA PERCUTAN,PUNC,ASPIRAC,HON"
471,ECO BIOPSIA TRANSRECTAL PROSTAT
472,ECO CITOSCOPIA
473,ECO ABDOMEN MASA ABDOMINAL Y RETROPERINE
474,ECO ABDOMEN PILORO
475,ECO MASAS DE TEJ BLAND DE ABD ANALI DOPP
476,ECO DE PARATIROIDES
477,ECO DE PENE
478,ECO DE PROSTATA TRANSABDOMINAL
479,ECO DE TEJD BLAND DE PARES ABDO Y PELVIS
480,ECO DE TEJD BLAND EN EXTREMI INFERIORES
481,ECO DE TEJD BLAND EN EXTREMI SUPERIORES
484,ECO DERIVACION O DRENAJE-HONORARIOS
485,ECO DIAGNOS DE GLANDULAS SALIVALES
486,ECO DIAGNOS DE TORAX PERICARDIO O PLEURA
487,ECODOPP DE VASOS DEL PENE
488,ECOCARDIOGRAMA TRANSESOFAGICO
489,ECO ESTU FOLI INTEG ECO VAG TRANS 7HMZ
490,ECO ESTU INTEG FILIC CON ECO TRASABDOMIN
491,ECO GINECO TERCER NIVEL
492,ECO GUIA ESCANOGRAFIACA PARA PROCEDIUM
493,ECO LOCALIZACION CON ARPON DE SENO
495,ECO OBSTETRICA TRANSABDOMINAL
496,ECO OBSTETRICA TRANSVAGINAL
497,ECO PELVICA CON ANALISIS DOPPLER ACR
498,ECO PELV GINEC HISTEROSONOGRAFIA
499,ECO PELVICA TRANSABDOMINAL
501,ECO PELV GINE ESTU INTEG FILICCON ECOVAG
502,"ECO PENE, OJO, TESTICULO"
503,ECO PILORO
504,ECO TEJIDOS BLANDOS (EXT PARED ABDM)
505,"ECO TPORAX, PLEURA O PERICARDIO"
506,ECO TRANSFONTANEAR
507,ECODOPP CEREBRAL TRANSFONTANELAR
508,"ECODOPP COLOR, AGREGAR AL VR"
509,ECODOPP DE AORTA ABDOMINAL
510,ECODOPP DE VASOS ARTER DE MIEMBROS INFER
511,ECODOPP DE VASOS ARTER DE MIEMBROS SUPER
512,ECODOPP DE VASOS ESCROTALES
513,ECODOPP DE VASOS VENOSOS MIEMBROS INFER
514,ECODOPP DE VASOS VENOSOS MIEMBROS SUPER
515,"ECODOPP CUELLO (CAROTIDO,VERTEB,YUGULAR)"
516,ECODOPP ESTU CIRC ARTER MIEM SUPE O INFE
517,ECODOPP ESTUDIO DE IMPOTENCIA
518,ECODOPP ESTU OTROS ORGANOS TRANSPLANTADO
519,ECODOPP ESTU RI—ON TRANSP ANALISIS DOOPP
520,ECODOPP EXAMEN VASCULAR ESCROTAL
521,ECODOPP EXA VENAS SUPER Y PROFUN DE EXTR
522,ECODOPP FLUJO SANG ABDOM HIPERTEN PORTAL
523,"ECODOPP MASA ABDOM, PELVI,AORTACAVA RI—O"
524,ECODOPP OBST ECACUA DE CIRC PLACEN FETAL
525,ECODOPP OCULAR
526,ECODOPP VASOS ABDOMINALES Y/O PELVICOS
527,"ESCAN COLUM CERV,LOLUM DORS O LUM 3 ESPA"
528,"ESCAN COLUM CERV,DORS LUMB,ESPACIO ADIC"
530,ESCAN CUELLO (TEJIDOS BLANDOS)
531,ESCAN TORAX EXTENDIDOS AL ABDOMEN SUPERI
532,RX BASE DE CRANEO
533,RX COLUMNA DORSO LUMBAR
534,RX COLUMNA TORAXICA
535,RX COLUMNA UNIO CERVICO DORSAL
536,RX CUELL PIE(TOBIL)EDAD OSEA (CARPR) CAL
537,RX FLUROSCOPIA PARA PROCEDIM QUIR VIAS B
538,RX LOCALIZAC LESION NO PALPABLE EN SENO
539,RX MASTOIDES COMPARA PE—ASC CONDUC AUDIT
540,RX PREVENCIONES ADICIONALES(STRES TUNEL
541,RX PREVENCIONES DINAMICAS O ADICIONALES
542,"RX PROYECCIONE  ADIC(STRESS,TUNEL,TENGE"
543,RX PROYECCION TUNEL TANG OBLICUO
544,RX PROYECCIONES ADICIONALES
545,RX PROYECCIONES ADIC DE TORAX EPICOGRAM
546,ACTH (HORMONA CORTICOSTEROIDES)
547,ALDEDETOPPROTEINAS EN SUERO
548,ALERGENOS (RAST C/UNO)
549,ANTI ADN
550,ANTICUAJULANTE LUPICO
551,"ANTICUERPOS ANTI HBC, IGG CORE"
552,ANTICUERPOS ANTICARDIOLIPINAS(FOSFOLIPID
553,ANTICUERPOS ANTICLOMIDIA
554,ANTICUERPOS ANTIMITOCORDIALES
555,ANTICUERPOS ANTINEUTROFILOS (ANCA)
556,ANTICUERPOS ANTITIROIDEOS MICROSOMALES
557,ANTICUERPOS DE LA HETATITIS C
558,ANTICUERPOS IGG CITOMEGALOVIRUS
559,ANTICUERPOS IGG HEPATIIS A
560,ANTICUERPOS IGG HERPES 1-11
561,ANTICUERPOS IGM CITOMEGALOVIRUS
562,ANTICUERPOS IGM DE LA HEPATITIS A
563,ANTICUERPOS IGM DE LA HEPATITIS B
564,ANTICUERPOS IGM HERPES 1-11
565,ANTIESTREPTOLISINA (ASTO)
566,ANTIGENO CARCINOEMBRIONARIO (CEA)
567,ANTIGENO DE SUPERFICIE PARA HEPATITIS B
568,ANTIGENO ESPECIFICO DE PROSTATA(PSA LIBR
569,CITOMEGALOVIRUS IGG
570,CITOMEGALOVIRUS IGM
571,COCAINA EN ORINA
572,COPROLOGICO CON S.O
573,COPROLOGICO CON WRIGTH
574,COPROLOGICO SERIADO
575,CUADRO HEMATICO CON RECUENTO PLAQUETAS
576,CULTIVO DE GLICEMIA 3 HORAS (5 MUESTRAS)
577,CULTIVO DE ESPUTO
578,CULTIVO GENERAL CON ANTIBIOGRAMA
579,CULTIVOS EN GENERAL
580,CULTIVOS PARA BK
581,CURVA DE GLICEMIA 3 HORAS
582,CURVA DE GLICEMIA 4 HORAS
583,CURVA DE GLICEMIS 5 HORAS
584,DIRECTO Y GRAM (FROTIS VAGINAL)
585,DIRECTO Y GRAM GENERAL
586,DIRECTO Y GRAM CULTIVO
587,"ELECTROLITOS (SODIO, CLORO POTASIO)"
590,ESTRIOL
592,FERRITINA
593,FROTIS VAGINAL - URETRA
594,FSJ
595,GLICEMIA
596,GLICEMIA PRE Y POS. PRANDIAL
597,HEHIDROEPIANDOSTERONA SULFATO DHEAS-S
598,HEMOGLOBINA Y HEMATOCRITO
599,HEMOPARACITOS EN EXTENDIDO ESP
600,HORMONA ISH
601,LDH (DESHIDROGENOSA LACTICA)
602,LEPTOSPIRA (CAMPO OSCURO EN ORINA)
603,LH (HORMAONA LUTEIMIZANTE)
604,MICOSIS SUPERFICIAL KOH
605,NIVELES DE SANGRE CON NEPAQUENE
606,PROGESTERONA TOTAL
607,PRUEBA DE GRAHAM
608,PRUEBA DE TOLERANCIA A LA GLUCOSA 6 H
609,RAST CADA ALERGENO
610,SOMATOMEDINA C
611,T3 LIBRE
612,TEST DE COAGULACION
613,TIEMPO DE COAGULACION
614,TIEMPO PARCIAL DE PROTOMBINAS (PTT)
615,TITULOS ASTOS
616,TROPONINA T
617,VARITECT X 5ML (IG.ESP)
618,ADAPTACION AYUDAS VISUALES
619,CAMPIMETRIA COMPUTALIZADA
620,ELECTRO-OCULOGRAMA
621,ESTIMULACION VISUAL (6 SESIONES)
622,EXAMEN DE INGRESO OPTOMETRIA
623,FOTO COLOR - AMBOS OJOS
624,OFTALMOLOGIA DE INGRESO
625,TEST DE COLOR
626,TOPOGRAFIA DOS OJOS
627,TOPOGRAFIA UN OJO
628,ORTOPTICA
629,AUDIOMETRIA-ACUFENOMETRIA
630,AYUDAS AUDITIVAS (AUDIFONOS)
631,ELECTRO-NISTAGMOGRAFIA
632,ESTROBOSCOPIA SIN CASSETTE
633,EXAMEN DE INGRESO AUDIOMETRIA
634,INGRESO OTORRINO
635,LAVADO DE OIDO
636,MEDICION DE AUDIFONOS
637,NASOFARNGOSCOPIA
638,OTOEMISIONES ACUSTICAS
639,POTENCIAL EVOCADO AUDITIVO(VERA)
640,PROTECTORES AUDITIVOS
641,PRUEBA DE ADAPT DE AUDIFONOS(LOGO-CAMP
642,PRUEBAS SUPRALIMINARES SISI
643,TAPONES DE PISCINA
644,TAPONES DE RUIDO
645,TERAPIA MIOFUNCIONAL
646,TEST DE GLICEROL
647,TONE DE CAY (PRUEBA DE FATIGA ACUSTICA
648,VIDEOESTROBOSCOPIA
649,CURVA DE FLUJO PRE Y POS BRONCODILATADOR
650,ELECTROLITOS DE SUDOR
651,ESPIROMETRIA SIMPLE
652,ESPIROMETRIA SIMPLE Y CON BRONCODILATADO
653,TRATAMI DE INMUNOTERA (1MES 8VACUN 2ALER
670,REEMPLAZO DE TUBO DE URETEROSTOMIA
654,TRATAMI DE INMUNOT(1MES 8VACUN 3 O +ALER
655,ASPIRACION PERCUTANEA DE VEJIGA
656,DILATACION DE MEATO URETRAL
657,DILATACION DE UNION URETROVESICAL
658,DILATACION DE URETRA POR SONDEO
659,DILATACION TRANSURETRAL CON BALON URETRA
660,ESFINTEROMANOMETRIA
661,EXTRACCION Y/O REEMPLAZO DE SONDA URETRA
662,INSERCION DE CATETER (SON) EN URETRA
663,INSERCION DE CATETER URINARIO (VESICAL)
664,INSTALACION GENITOURINARIA
665,IRODINAMIA ESTANDAR
666,PENOSCOPIA
667,PERFIL DE PRESION UTERAL
668,REEMPLAZO DE CATETER URINARIO
669,REEMPLAZO DE TUBO DE CITOSTOMIA
671,URODINAMIA CON PRUEBA DE MEDICAMENTO
672,UROFLUJOMETRIA
673,RX ARTERIOGRAFIA ONEUMOARTROGRAFIA
674,CAREOTIPO EN FRAGILIDAD CROMOSOMATICA
675,GAMAGRAFIA VIAS LAGR O DACRIOCISTOGRAFIA
676,GAMAGRAFIA PARA DETECCION DE NODULOS CEN
677,HEMORROIDECTOMIA
678,RX LOCALIZACION DE LESION DE SENO
679,RX MIELOGRAFIA CERVICA
680,RX MIELOGRAFIA TORAXICA LUMBAR
681,RX NEFROSTOMIA PERCUTANEA
682,DENSITOMETRIA OSEA
683,CAUTERIZACION DE GONDILOMAS
684,ECOCARDIOGRAMA ESTRESS CON PRUEBA ESFUER
424,RADIOTERAPIA
693,ELECTROMIOGRAFIA DEL ESFINTER ANAL
694,NEUROCONDUCCIONES DEL NERVIO PERIFERICO
695,INSULINA
708,BACAT DE TIROIDES
696,REFLEJOS DEL PARPADO
697,ESCLEROTERAPIA
698,PLEOPTICA
494,ECOCARDIOGRAMA STRESS CON DEBUTAMINA
500,PERFIL TIROIDEO
686,ECO MASA AXILAR
687,FIBRONASOLARINGOSCOPIA
688,TEST DE HOLTER(24 HORAS)
689,HTLV1 PARAPARECIA ESPASTICA
690,CITOLOGIA ASPIRATIVA DE TIROIDES
691,ANTICOAGULANTE LUDICO
692,LAPAROSCOPIA
699,PLAN VIDA
700,PLAN CIGUE§A
701,MIELOTAC CERVICAL
702,IGG LECTOSPIRA
703,IGM LECTOSPIRA
704,CITOQUIMICO EN ORINA
705,NEBULIZACION
706,UROGRAFIA URETRAL
707,BACAF DE MAMA
709,MONITOREO FETAL
710,CATETERISMO CARDIACO
711,CITOLOGIA ASPIRATIVA DE GANGLIO
712,CULTIVO FARINGEO
713,ASPIRADO DE MEDULA OSEA
714,LIGADURA ENDOSC. DE VARICES ESOFAGICAS
715,LIGADURA ENDOSC. DE VARICES GASTRICAS
724,BIOXIA MUSCULAR
726,PROTESIS PARCIAL MAS DE 5 UNI.
727,PROTESIS PARCIAL MENOS DE 5 UNI.
728,RETENEDORES ACRILICO
729,RETENEDORES EN ACETATO
730,PROTESIS REMOVIBLES -METAL
731,COLPOSCOPIA CON BIOPSIA
732,VISIOMETRIA
716,ECOGRAFIA TRIDIMENSIONAL
717,BIOPSIA DE MEDULA OSEA
718,ORGANOS Y SENTIDOS
719,PRUEBAS DE SENSIBILIDAD ALERGICAS
720,RX VIAS DIGESTIVAS ALTAS
721,BRONCOSCOPIA
722,POLISOMNOGRAFIA
723,BRONCOSPIA
733,FENOMENO L.E
734,MATERIAL DE OSTEOSINTESIS
735,HEMOGRAMA AUTOMATIADO
736,DNAS DOBLE CADENA
737,LIGADURA ENDOSC. DE VARICES GASTRICAS
738,PENOSCOPIA
739,CEPER
740,GASES ARTERILES
741,PROTSIS TOTAL
742,MIELOGRAMA
746,TERAPIA LASER
747,ZAPER X 1
748,AURICULOTERAPIA
749,ELECTROESTIMULACION
750,CAMARA HIPERBARICA
751,HEMOTERAPIA
752,SUERO DE AMINOACIDOS
753,OZONOCLISIS
754,TERAPIA D.O.S (DESINTOXICACION Y DRENAJE
755,FOTOGRAFIAS NERVIO OPTICO
756,PAQUIMETRIA
1500,TECG ADMINISTRACION DE INFORMATICA
1501,TECG MECATRONICA
1502,TECG TELECOMUNICACIONES
1503,TECG REDES COMPUTACIONALES Y COMUNICACIO
1504,TECG INGENIERIA ELECTRONICA
1505,TECG ADMINISTRACION Y FINANZAS
1506,TECG COMERCIO EXTERIOR
1507,TECG FINANZAS Y SISTEMAS CONTABLES
1508,TECG INDUSTRIAL
1509,TECG SISTEMAS
1510,TECG MERCADEO Y COMERCIALIZACION
1511,TECG COMUNICACION SOCIAL
1512,TECG CONTADURIA Y TRUBUTARIA
1513,TECG ADMINISTRACION DE EMPRESAS
1514,TECG ADMINISTRACION AGROPECUARIA
1515,TECG ADMINISTRACION HOTELERA Y TURISMO
1516,TECG ADMINISTRACION HOSPITALARIA
1517,CONTADURIA PUBLICA (PROFESIONAL)
1518,MERCADEO Y PUBLICIDAD (PROFESIONAL)
1519,ADMINISTRACION DE EMPRESAS (PROFESIONAL)
1520,REVISORIA FISCAL Y CONTRALORIA(POSTGRADO
1521,GERENCIA DE INFORMATICA(POSTGRADO)
1522,BACHILLERATO POR CICLOS INTEGRADO 6 Y 7
1523,BACHILLERATO POR CICLOS INTEGRADO 8 Y 9
1524,BACHILLETATO EN 6 MESES (6-7-8)
1525,BACHILLERATO EN 6 MESES (9)
1526,BACHILLERATO EN 6 MESES (10-11)
1527,BACHILLERATO CICLOS POR SEMANA
1528,BACHILLERATO CICLOS SABADOS
1529,VALIDACION DE BACHILLERATO
1530,COMERCIO INTERNACIONAL(PROFESIONAL)
1531,ARQUITECTURA (PROFESIONAL)
1532,INGENIERIA ELECTROMECANICA(PROFESIONAL)
1533,INGENIERIA DE SISTEMAS (PROFESIONAL)
1534,ODONTOLOGIA (PROFESIONAL)
1535,PSICOLOGIA (PROFESIONAL)
1536,ADM HOTELERA TURISTICA (PROFESIONALES)
1537,BACHILLERATO 6-7-8 NOCTURNO/SABADOS
1538,BACHILLERATO 9 NOCTURNO/SABADO
1539,BACHILLERATO 10-11 NOCTURNO/SABADOS
1540,PRIMARIA ADULTOS
1541,BACHILLERATO ADULTOS
1559,AUXILIAR SISTEMAS AVANZADO
1800,TEC ADMINISTRACION JUDICIAL Y CRIMINALIS
1801,TEC ADMINISTRACION HOTELERA Y TURISTICA
1802,TEC ADMINISTRACION EMPRESARIAL Y NEGOCIO
1803,TEC MERCADEO Y FINANZAS
1804,TEC ELECTRONICA DIGITAL
1805,TEC EDUCACION PRE-ESCOLAR
1806,TEC SECRETARIADO GERENCIAL
1807,TEC AUXILIAR DE ENFERMERIA
1808,TEC AUXILIAR DE LABORATORIO CLINICO
1809,TEC AUXILIAR DE DROGUERIA
1810,TEC MECANICA DENTAL
1811,TEC AUXILIAR DE CONSULTORIO ODONTOLOGICO
1812,TEC AUXILIAR DE HIGIENE ORAL
1813,TEC AUXILIAR DE HIGIENE ORAL FASE II
1814,TEC PROMOTOR DE SALUD O VISITADOR MEDICO
1815,TEC AUXILIAR DE INF ESTADISTICA EN SALUD
1816,TEC AUXILIAR EN URGENCIAS MEDICAS
1817,TEC AUXILIAR ADMINISTRCION EN SALUD
1818,AUXILIAR DE SERVICIOS HOGAREÒOS
1819,AUXILIAR EN SERVICIOS HOTELEROS
1820,TEC ADMINISTRACION DE NEGOCIOS
1821,TEC ADMINISTRACION Y MERCADOTECNIA
1822,TEC INGENIERIA EN MONTAJES ELECTRICOS
1823,TEC INGENIERIA DE SISTEMAS
1824,TEC INGENIERIA MECATRONICA
1825,TEC DISEÒO ARQUITECTONICO Y DE INTERIORE
1826,TEC ADMINISTRACION DE EMPRESAS ECOTURIST
1827,TEC PUBLICIDAD (MARKETING)
1828,TEC ANALISIS Y PROGRAMACION DE COMPUTADO
1829,TEC SECRETARIADO BILINGUE
1830,TEC CONTADURIA
1831,TEC DISEÒO PUBLICITARIO SISTEMATIZADO
1832,TEC MANTENIMIENTO DE COMPUTADORES
1833,TEC GERENCIA NEGOCIOS NACIONALES E INTER
1834,"TEC MERCADEO,DISEÒO PUBLICIDAD Y VENTAS"
1835,TEC SECRETARIADO DIRECION Y ADM NEGOCIOS
1836,TEC ENSAMBLE MANTENIMIENTO REDES Y PROGR
1837,TEC WEDMASTER DE SITIOS TIENDAS =ED
1838,TEC PREPARACION Y MANTENIMIENTO FISICO
1839,TEC SECRETARIADO EJECUTIVO
1840,TEC INGENIERIA INDUSTRIAL
1841,TEC COSMETOLOGIA Y ESTETICA FACIAL CORPO
1842,TEC EN SISTEMAS
1843,TEC SECRETARIADO COMERCIAL COMPUTARIZADO
1844,TEC SECRETARIADO COMERCIAL
1845,TEC SECRETARIADO AUXILIAR CONTABLE
1846,TEC AUXILIAR CONTABLE
1847,INGLES BASICO
1848,INGLES INTERMEDIO
1849,INGLES AVANZADO
1850,INGLES CONVERSACIONAL
1851,PREPARACION PRUEBAS TOEFEL Y MICHIGAN
1852,INGLES NIÒOS
1853,ITALIANO
1854,ALEMAN
1855,FRANCES
1856,AUXILIAR EN SISTEMAS
1857,AUXILIAR CONTABLE
1858,INGLES Y SISTEMAS
1859,AUXILIAR EN SISTEMAS AVANZADO
1860,AUXILIAR CONTABLE AVANZADO
1861,DISEÒO GRAFICO
1862,TEC DISEÒO GRAFICO Y PUBLICITARIO
1863,"CONSTRUCCION DE SITIOS WED, TIENDAS"
1864,ENSAMBLE Y REDES WINDOWS
1865,LINUX A FONDO
1866,DACTILOSCOPIA MEDICINA FORENSE Y AUTOMOT
1867,ELECTRICIDAD Y ELECTRONICA
1868,OFFICE RECARGADO
1869,EXCEL AVANZADO
1870,ENSAMBLE
1871,REDES WINDOWS
1872,REDES LINUX
1873,VISUAL BASIC
1874,OFFICE CON LINUX
1875,DISEÒO MILTIMEDIA
1876,AUXILIAR DE OFICINA
1877,HABILIADES EMPRESARIALES
1878,PROYECTO PYME
1879,MARKETING Y VENTAS
1880,NEGOCIOS INTENACIONALES
1881,TEC AUXILIAR DE CONSULTORIO MEDICO
1882,TEC AUXILIAR EN OPTICA
1883,SISTEMAS
1884,TEC DISEÒO DE MODAS
1885,SECRETARIADO MEDICO
1886,CONTABILIDAD Y FINANZAS
1887,CONTABILIDAD SISTEMATIZADA
1888,ASISTENTE DE MARKETING
1889,TEATRO
1890,PINTURA Y DIBUJO
1891,PLASTILINA CREATIVA
1892,PINTURA EN OLEO
1893,INICIACION MUSICAL
1894,GUITARRA TIPLE Y BANDOLA
1895,PERCUSION
1896,DANZA FOLCLORICA
1897,TECNICA VOCAL
1898,"PIANO,BAJO,INSTRUMENTOS DE VIENTO"
1899,"CORO INFANTIL, LENGUAJE MUSICAL,ORQUESTA"
1900,AUXILIAR Y FINANZAS CON ENFASIS MERCADEO
1901,PROCESOS INDUSTRIALES CON EFASIS COSTOS
1902,MECANICA DE MOTOS
1903,"MANEJO DE MAQUINA PLANA,FILETEADORA Y CO"
1904,CAMISERIA
1905,DISEÒO NIVEL 1
1906,DISEÒO NIVEL 2
1907,DESEÒO NIVEL 3
1908,DISEÒO NIVEL 4
1909,MODISTERIA 1
1910,MODISTERIA 2
1911,CONFECCION INFANTIL
1912,BELLEZA NIVEL 1
1913,BELLEZA NIVEL 2
1914,MECANICA BASICA
1915,MECANICA AUTOMOTRIZ
1916,ELECTRICIDAD AUTOMOTRIZ
1917,ELECTRICIDAD BASICA Y RESIDENCIAL
1918,MANTENIMIENTO DE MOTOS
1919,SISTEMA ELECTRICO DE MOTOS
1920,REFRIGERACION
1921,INYECCION ELECTRONICA
1922,TRANSMISIONES AUTOMATICAS
1923,REPARACION DE ELECTRODOMESTICOS
1924,EBANISTERIA
1925,TEC ELECTROMECANICA
1926,SOLDADURA
1927,PANADERIA
1928,GALLETERIA
1929,CULINARIA POSTRES Y CARNES
1930,TEC CHEF
1931,MANIPULACION DE ALIMENTOS
1932,PREPARACION DE ALIMENTOS
1933,CORTE DE CABELLO Y CEPILLADO
1934,"COLORIMETRIA (TINTES,ILUMINACIONES,MECHO"
1935,MANICURE Y PERICURE
1936,DECORACION DE UNÒAS
1937,BELLEZA FACIAL COSMETOLOGIA
1938,MASAJES CORPORALES
1939,LIMPIEZA DE PIEL Y MAQUILLAJE
1940,MODELAJE Y PASARELA
1941,RADIO Y TELEVISION
1942,INTERNET BASICO
1943,EXCELL Y WORD AVANZADO
1944,MANTENIMIENTO Y REPARACION COMPUTADORES
1945,BORDADO LIQUIDO
1946,DISEÒO DE ROPA INTIMA
1947,BISUTERIA
1948,AJUAR DE BEBE
1949,TELAR
1950,BORDADO ESPAÒOL
1951,BORDADO EN CINTA
1952,BORDADO EN MOSTACILLA
1953,BORDADO EN TRENCILLA
1954,BORDADO NORUEGO
1955,REPUJADO EN ALUMINIO
1956,DISEÒO DE MODAS
1957,PINTURA EN TERCIOPELO
1958,MACRAME
1959,PEDRERIA (PERLAS)
1960,CROCHET
1961,TEJIDO EN MALLA
1962,ESPEJO RESINADO
1963,CORTINAS Y EDREDONES
1964,TRANFER
1965,PINTURA COUNTRY
1966,CALADOS DE CARTAGO
1967,CAÒAMASO
1968,MADERA ENVEJECIDA
1969,"DECORACION DE VELAS,JARRONES, TOTUMOS, J"
1970,MUÒEQUERIA COUNTRY Y TRAPO
1971,PINCELADAS
1972,LENCERIA
1973,PORCELANICRON
1974,PIROGRABADO
1975,PUNTO DE CRUZ
1976,TARJETAS EN FILIGRANA
1977,FOMI
1978,PAÒO LENCY
1979,ARTE RUSO
1980,TECNICA DE RETAZOS(PACTHWORK)
1981,MUÒECAS EN SERVILLETA
1982,ARREGLOS FLORALES
1983,CAJAS DECORADAS
1984,MUÒECOS DE PELUCHE
1985,ARTE PRIMITIVISTA
1986,ENCOLADOS ENVEJECIDOS
1987,DECORACION DE PAREDES
1988,PINTURA EN TELA
1989,PUNTADA ESPAÒOLA
1990,FALSO VITRAL
1991,ICOPOR
1992,CORTINAS Y CENEFAS
1993,MACA
1994,PRODUCTOS DE ASEO
1995,TEC SECRETARIADO EJECUTIVO SABADOS
1996,CONTABILIDAD SISTEMATIZADA SABADOS
1997,MECANOGRAFIA
1998,FUTBOL
1999,NATACION NIÒOS
2000,NATACION ADULTOS
2001,BAILE
2002,AEROBICOS
2003,TAEKWONDO
2004,TEC ADMINISTRACION DE EMPRESAS
2005,TEC COMERCIO EXTERIOR Y FINANZAS
2006,TEC CONTABILIDAD SISTEMATIZADA
2007,TEC ATENCION AL AMBIENTE
2008,TEC SEGURIDAD INDUSTRIL Y OCUPACIONAL
2009,TEC LINEA DE AVIONES
2010,TEC AUXILIAR DE SERVICIO A BORDO
2011,DESPACHADOR DE AERONAVES
2012,BASICO DE MOTORES DE AVION
2013,CURSO DE RECURSOS DE CABINA
2014,REGLAMENTO AERONAUTICO COLOMBIANO-LEGISL
2015,INGLES TECNICO-AERONAUTICO
2016,SEGURIDAD AEREA
2017,ELECTRICIDAD Y ELECTRONICA AERONAUTICO
2018,SISTEMA HIDRAULICO COMBUSTIBLE AVIACION
2019,FOTOGRAFIA DIGITAL BASICA
2020,LOCUCION BASICO
2021,D.J MEZCLA DISCOTEQUERA
2022,FARMACOLOGIA CLINICA E INYECTOLOGIA
2023,PELO ANIMALES EXOTICOS
2024,COUNTRY AMERICANO
2025,PINTURA DECORATIVA (STILL LIFE)
2026,BATEA DE CUERO
2027,DECORACION DE BATEAS
2028,FRUTAS Y HUEVOS DECORATIVOS
2029,TEXTURAS
2030,PINTURA SOBRE MADERA
2031,TARJETERIA COUNTRY
2032,TARJETERIA TROQUELADA
2500,ENTRADA GENERAL
2501,ENTRADA NIÒO
2502,ENTRADA ADULTO
2503,ENTRADA PICINA NIÒO
2504,ENTRADA PICINA ADULTO
2505,ENTRADA PICINA CON OLAS
2506,MENSUALIDAD GIMNASIOS
413,ROTAVIRUX
3000,EXTRAC.EXTRACASULAR D CRISTALINO + LENT INTRAOCULA
3001,EXTRACCION DE CRISTALINO X FACO
3002,RESECCION PTERIGIO + INJERTO
3003,CIRCUNSICION
3004,CISTOPEXIA (SUSPENSION VESICAL)
3005,LITOTRIPSIA EXTRACORPOREA
3006,PROSTATECTOMIA ABIERTA
3007,HISTERECTOMIA TOTAL ABDOMINAL
3008,HISTERECTOMIA ABIERTA
3009,EXTRACCION CUERPO EXTRA§O DE VAGINA
3010,COLPORRAFIA POSTERIOR
3011,COLPORRAFIA ANTERIOR
3012,SEPTOPLASTIA Y/O TURBINOPLASTIA
3013,ARTROSCOPIA DE RODILLA
3014,COLECISTECTOMIA CON EXTRACCION DE CALCULOS
3015,LAPAROSCOPIA EXPLORATIVA
3016,LAPAROSCOPIA DIAGNOSTICA
3017,HERNIA INGINAL DERECHA
3018,HERNIA INGINAL IZQUIERDA
3019,HERNIA UMBILICAL
3023,CORRECCION DE DESVIACION SEPTAL
3020,LIBERACION DEL TUNEL CARPIANO
3021,CICLOCRIOTERAPIA
3022,CIRUGIA ENDOSCOPICA DE SENOS PARANASALES
3024,AMIGDALETOMIA
3025,CUADRANTECTOMIA
3026,DACRIACISTORRINOSTOMIA
3027,EXTRABISMO
3028,EVENTORRAFIA CON MALLA
3029,FIBROADENOMA
3030,HEMORROIDES MIXTAS
3031,HERNIA BILATERAL CON MALLA
3032,CISTOLITOTOMIA
3033,UNISEPTOMIA
3034,LEGRADO UTERINO OBSTETRICO
3035,TIMPANOPLASTIA
3036,QUERATECTOMIA
3037,TRABACULECTOMIA
3038,VITRECTOMIA POSTERIOR
3039,IRIDOTOMIA LASER
3040,CAPSULOTOMIA Y AG LASER
3041,ORQUIDOPEXIA
3042,ORQUIDOPEXIA BILATERAL
3043,URETROPLASTIA
3044,ADENOIDECTOMIA
3045,PANFOTOCOAGULACION DE RETINA
3046,CIRUGIA FILTRANTE (TRABECULECTOMIA)
3047,BLEFAROPLASTIA UNO O DOS PARPADOS SUPER O INFERIOR
3048,EXCIMER LASER (LASIK)
3049,URETEROLITOMIA SIN CATETER
3050,VASECTOMIA TECNICA ANESTESIA
3051,VARICOCELECTOMIA
3052,HIDROCELECTOMIA
3053,FULGURACION ENDOSCOPICA DE VEJIGA
3054,MEATOTOMIA URETTRAL
3055,ORQUIDECTOMIA UNILATERAL
3056,RESECCION D GLANDULA D BARTHOLIN-BARTHOLINECTOMIA
3057,CIRUGIA DE ESTRAVISMO HORIZONTAL
3058,URETROTOMIA INTERNA ENDOSCOPICA
3059,RESECCION D QUISTE D EPIDIDIMO
3060,FULGURACION LESION ESCROTAL
3061,FIJACION TESTICULAR
3062,FIJACION TESTICULAR BILATERAL
3063,PLASTIA DE FRENILLO
3064,EPIDIDIMECTOMIA
3065,ESPERMATOCELECTOMIA
3066,BIOPSIA DE PENE
3067,RESECCION D CUERPO EXTRA§O CORDON
3068,RESECCION PARCIAL DE ESCROTO
3069,URETEROSCOPIA
3070,RESECION CHALAZION
3071,SONDEO VIA LAGRIMAL ANESTECIA LOCAL
3072,SONDEO VIA LAGRIMAL QUIROFANO
3073,RESECCION D ANGULO ESTRECHO
3074,R.T.U. DE PROSTATA
3075,DILATACION DE LA URETRA BAJO ANESTECIA
3076,BIOPSIA DE TESTICULO
3077,R.T.U. DE CUELLO VEJIGA
3078,RESECCION D QUISTE PARA OVARIO LAPAROSCOPICA
3079,RESECCION D QUISTE PARA OVARIO ABIERTA
3080,LEGRADO GINECOLOGICO
3081,ESCISION DE EMBARAZO ECTOPICO INTRALIGAMENTOSO
3082,RADIOCAUTERIZACION DE CERVIS
3083,POMEROY
3084,EXTRACCION D CUERPO EXTRA§O D MAMA X MASTOTOMIA
3085,ADENOIDECTOMIA Y/O TURBINOPLASTIA
3086,LOBOLEPTOMIA
3087,COLOCACION PROTESIS DE PENE (SIN PROTESIS)
3088,REEMPLAZO D CADERA
3089,COLELAC
3090,BIOPSIA D PIEL CON SACABOCADO Y SUTURA SIMPLE
3500,FOTOCOAGU CON YAG-LASER O RUPTURA D BANDAS INILATE
3501,FOTOCOAGU CON YAG-LASER O RUPTURA DE BANDA BILATER
3502,FOTOCOAGU CON LASER.ARGON O KRYTON EN RETINA UNILA
3503,FOTOCOAGU CON LASER.ARGON O KRYTON EN RETINA BILAT
3504,PANFOTOCOAGU D RETINA-LASER.ARGON O KRYOTON UNIL
3505,PANFOTOCOAGU D RETINA-LASER.ARGON O KRYOTON BILATE
3506,FOTOCOAGULACION DE CONJUNTIVA CON LASER UNILATERAL
3507,FOTOCOAGULACION DE CONJUNTIVA CON LASER BILATERAL
3508,LAVADO Y SONDEO DE VIAS LAGRIMALES
3509,INTUBACION DE VIAS LAGRIMALES
3510,CONJUNTIVO-DACRIOCISTORRINOSTOMIA VIA EXTERNA
3511,PLASTIA DE CANALICULOS LAGRIMALES
3512,RESECCION DE CHALAZION
3513,BLEFAROTOMIA (INCLUYE HEMATOMA O ABCESO)
3514,RECECI TUMOR BENIGNO O MALIG D UN TERCIO D PARPADO
3515,RESECI TUMOR BENIG O MALIG D DOS TERCIOS D PARPADO
3516,RESECI TUMOR MALIG DE PARPADO INCLUY RECONSTRUCCIO
3517,SUTURA DE HERIDA SIMPLE DE PARPADO (BLEFARORRAFIA)
3518,TARSORRAFIA Y TARSOPLASTIA
3519,SUTURA HERIDA MULTIP O COMPLE (PLANOS PROFUN) PARP
3520,CORRECION DE ECTROPION O ENTROPION
3414,ADENOAMIGDALETOMIA + CAUTERIZACION  D CORNETES
3522,BLEFAROPLASTIA CUATRO PARPADOS
3523,CANTOPLASTIA
3524,"CORRECION D TELECANTO, BLEFAROFIMOSIS Y EPICANTO"
3525,CORRECION D PTOSIS PALPEBRAL CON INGERTOS O PLAST
3526,"RESECI DE PTERIGIO NASAL Y/O TEMPORAL, UNILATERAL"
3527,"RESECI DE PTERIGIO NASAL Y/O TEMPORAL, BILATERAL"
3528,RESECI DE PTERIGIO NASAL Y/O TEMPORAL REPROD PLAS
3529,RESECI DE QUISTE O TUMOR BENIG DE CONJUNTIVA INGER
3530,RESECI D QUISTE O TUMOR BENIG DE CONJUNTIVA INGERT
3531,RSECION DE TUMOR MALIGNO DE CONJUNTIVA
3532,RESEC TUMOR MALIG CONJUNTIVA+CICLOCRIOTERAPIA 1 OJ
3533,SUTURA DE LA CONJUNTIVA
3534,PLASTIA DE LA CONJUNTIVA
3535,CORRECION DE SIMBLEFARON CON O SIN INJERTO
3536,DRENAJE DE ABCESO ANTERIOR DE ORBITA
3537,EXTRACCION DE CUERPO ESTRA—O DE ORBITA
3538,RESECCION DE TUMOR BENIGNO O MALIGNO DE ORBITA
3539,EXANTERACION DE ORBITA
3540,RECONSTRUCC D PISO D ORBITA O REDUCCION D FRACTURA
3541,"EXTRAC CUERPO EXTRA—O ENDOCULAR, SEGMENT ANTERI"
3542,ENUCLEACION CON O SIN IMPLANTE PROTESICO
3543,ENUCLEACION CON INJERTO DERMOGRASO
3544,EVISCESARION CON O SIN IMPLANTE
3545,INSER SECUND D PROTESIS ( FORMACIO FONDOS SACO CON
3546,CIRUGIA DE ESTRABISMO-UN MUSCULO
3547,CIRUGIA DE ESTRABISMO-DOS MUSCULOS
3548,CIRUGIA DE ESTRABISMO-TRES MUSCULOS
3549,CIRUGIA DE ESTRABISMO UN OJO ANASTESIA LOCAL
3550,CIRUGIA DE ESTRABISMO DOS OJOS ANESTESIA LOCAL
3551,CIRUGIA DE ESTRABISMO UN OJO ANASTESIA GENERAL
3552,CIRUGIA DE ESTRABISMO DOS OJOS ANESTESIA GENERAL
3553,LAVADO D CAMARA ANTERIOR (INCLUY EVACUACI D HIFEMA
3554,EXTRACCION DE CUERPO EXTRA—O PROFUNDO DE CORNEA
3413,ADENOAMIGDALECTOMIA + CAUTERIZACION DE CORNETES
3556,RESECCION DE TUMOR DE CORNEA
3557,SUTURA DE CORNEA
3558,QUERATOPLASTIA PENETRANTE
3559,RETIRO DE PUNTOS DE CORNEA
3560,QUERATOPLASTIA LAMELAR O SUPERFICIAL
3561,ANTIGLAUMATOSA O LENTE INTRAOCULAR
3562,ESCLERARRAFIA O CORNEOESCLERORRAFIA SUTURA
3563,PLASTIOA DE CORNEA Y LA ESCLEROTICA
3564,RESECCION DE TUMOR DE LA ESCLEROTICA
3565,IRIDECTOMIA
3566,IRIDOPLASTIA
3567,REDUCCION DE HERNIA DE IRIS
3568,CICLODIATERMIA
3569,REVISION DE AMPOLLA FILTRANTE
3570,CICLOCRIOCOAGULACION
3571,TRABACULOTOMIA
3415,ADENOAMIGDALECTOMIA+TUBOS VENTILAC (NO INCLUYE TUB
3573,CIRUGIA PARA GLAUCOMA CON IMPLANTES
3574,CIRUGIA FILTRANTE CON CIRUGIA OCULAR PREVIA
3575,EXTRAC DE CRISTALINO (EXTRA O INTRACAPSULAR) FACOA
3576,EXTRAC Y/O INCLUSION SECUNDARIA D LENTE INTRAOCULA
3577,EXTRAC CATARATA+IMPLANTE D LENTE INTRAOCULAR SUTUR
3578,EXTRAC DE CATARATA+IMPLANTE DE LENTE INTRAOCULAR
3579,EXTRAC CATARATA X FACOEMULSIFICAC + IMPLANTE DE LI
3580,"RETINOPEXIA,+BUCLE ESCLERAL TOT O PARCIAL +CRIOTE"
3581,RETINOPEXIA POR CRIO O DIATERMIA
3582,RETINOPEXIA INTRAQUIRURGICA CON LASER
3583,VITECTOMIA POSTERIOR
3584,VITRECTOMIA CON-SIN INSERCION SILICON O GASES Y LA
3585,VITRECTOMIA ANTERIOR CON VITRIOGAFO(IMPLAT LENTE C
3586,VITRECTOMIA CON RETINOPEXIA
3587,VITRECTOMIA POSTERIOR + FACO +LIO
3091,HERNIORRAFIA INGUINAL DIRECTA
3107,APENDICECTOMIA
3094,ANASTOMOSIS DE CONDUCTO HEPATICO A TUBO DIGESTIVO
3095,ANASTOMOSIS DE ILEO A COLON TRANVERSO
3100,ANASTOMOSIS DE VESICULA BILIAR A ESTOMAGO
3101,ANASTOMOSIS DE VESICULA BILIAR A INTESTINO
3102,ANASTOMOSIS DE VESICULA BILIAR A PANCREAS
3416,ADENOIDECTOMIA Y/O TURBINECTOMIA+CAUTERIZA CORNETE
3104,ANASTOMOSIS DEL PANCREAS POR LAPAROTOMIA
3106,ANOPLASTIA POR ESTENOSIS
3110,APERTURA RETARDEDA DE ILEOSTOMIA SOD
3111,APERTURA RETARDADA DE OTRA ENTEROSTOMIA SOD
3113,CECECTOMIA SOD
3114,CIERRE DE COLECISTOSTOMIA
3115,CIERRE DE ESTOMA DE INTESTINO DELGADO
3117,CIERRE DE ESTOMA DE INTESTINO GRUESO
3119,CIERRE DE FISTULA DE DUODENO
3121,CIERRE DE FISTULA ENTEROCOLICA (UNO O MAS)
3122,CIERRE DE FISTULA ENTEROCUTANEA
3123,CIERRE DE GASTRONOMIA SOD
3124,CIERRE DE OTRA FISTULA GASTRICA SOD
3126,CIERRE DE PROCTOSTOMIA
3417,ADENOIDECTOMIA+TUBOS VENTILATORIOS
3130,CISTOPEXIA (SUSPENCION VESICAL)
3133,COLECISTECTOMIA POR LAPAROTOMIA
3138,COLECTOMIA TOTAL CON ANASTOMOSIS PELVICA
3139,COLECTOMIA TOTAL CON ILEOSTOMIA Y PROTECTOMIA
3140,COLECTOMIA TOTAL CON RESECCION DE ILEOTERMINAL
3141,COLECTOMIA TOTAL MAS RESERVORIO
3142,COLEDOCODUODENOSTOMIA
3144,COLOSTOMIA PERMANENTE
3145,COLOSTOMIA TEMPORAL SOD
3146,"CONSTRUCCION DE ANO, POR AGENESIA CONGENITA"
3147,CONTROL DE HEMORRAFIA (POSSOPERATORIA)DE ANO
3153,"CORRECCION DE ARTESIA DE DUODENO, YEYUNO E ILEON"
3156,CORRECCION DE ATRESIA DE COLON
3158,CORRECCION DE MALROTACION INTESTINAL
3159,CORRECION DE ONFALOCELE
3162,DERIVACION ENPLENO-RENAL
3163,DERIVACION GASTRICA PROXIMAL SOD
3164,DERIVACION GASTROINTESTINAL EN Y DE ROUX SOD
3165,DERIVACION MESENTERICO-CAVA
3166,DERIVACION PORTO-CAVA
3167,DESCENSO RECTAL ABDOMINOPERINEAL POR AGANGLIOSIS
3168,DESCENSO RECTAL VIA ANTERIOR Y POSTERIOR
3169,DESCENSO RECTAL VIA SAGITAL PORSTERIOR
3170,DESINVAGIMACION INTESTINAL
3171,DILATACION DE PILORO MEDIANTE INCISION SOD
3172,DILATACION DEL ESFINTER DE ODDI
3173,DILATACION ESFINTER DE ANO (SESION)
3174,DRENAJE DE ABSCESO DE PANCREAS SOD
3175,DRENAJE DE ABSCESO ISQUIORRECTAL
3176,DRENAJE DE ABSCESO PERIANAL
3178,DRENAJE DE COLECCION EN PARED ABDOMINAL
3179,DRENAJE DE COLECCION EXTRAPERITONEAL
3182,DRENAJE DE COLEECCION RECTAL
3183,DRENAJE DE COLECCION RETROPERITONEAL
3184,DRENAJE DE GLANDULA SUPRARRENAL SOD
3185,DRENAJE DE QUISTE PILONIDAL
3187,DRENAJE DE PERITONITIS GENERALIZADA
3189,DUODENECTOMIA
3190,DUODENOSTOMIA
3191,ENTERORRAFIA (UNA O MAS)
3192,ENUCLEACION DE LESION HEPATICA
3193,ESCISION DE BAZO ACCESORIO SOD
3194,ENCISION DE HEMORROIDES EXTERNAS
3197,ENCISION DE LA MUCOSA RECTAL
3199,ENCISION DE LESION EN GLANDULA SUPRARRENAL SOD
3200,ENCISION DE LESION O TEJIDO DE BAZO SOD
3201,ENCISION DE LESION O TEJIDO PERIANAL
3204,ESFINTEROPLASTIA
3205,ESFINTEROPLASTIA ANAL
3206,ESFINTEROTOMIA ANAL CON COLOSTOMIA
3207,ESFINTEROTOMIA ANAL LATERAL
3208,ESFINTEROTOMIA ANAL POSTERIOR
3210,ESOFAGOGASTROPLASTIA SOD
3211,ESOFAGOPLASTIA CON ASCENSO DE ESTOMAGO SOD
3212,ESPLENECTOMIA PARCIAL SOD
3213,ESPLENORRAFIA SOD
3214,ESPLENORRAFIA TOTAL
3215,EVACUACION DE HEMORROIDES TROMBOSADAS
3216,EVENTORRAFIA
3217,EVENTORRAFIA CON COLOCACION DE MALLA
3218,EVISCERACION
3219,EXPLORACION DE AORTA ABDOMINAL
3220,EXPLARACION DE AREA SUPRARENAL
3221,"EXPLORACION DE ARTERIAS ABDOMINALES, UNA O MAS"
3222,EXPLORACION DE TEJIDO PERIVESICAL
3223,EXPLORACION DE VENAS ABDOMINALES
3224,EXPLORACION DE VIA HAPATOBILIAR COMUN
3229,EXTRACCION DE CUERPO EXTRA—O DE PANCREAS SOD
3230,EXTRACCION DE CUERPO EXTRAÒO DE PANCREAS SOD
3236,EXTRACCION DIGITAL O MANUAL DE HECES IMPACTADAS
3237,FISTULECTOMIA ANAL Y/O PERIANAL
3238,FISTULECTOMIA ANO-PERIANAL
3239,FISTULECTOMIA ANO-VAGINAL
3240,FISTULECTOMIA ANO-VESTIBULAR
3241,FISTULECTOMIA DE PANCREAS
3242,FISTULECTOMIA RECTO-URETRAL CON COLOSTOMIA
3243,FISTULECTOMIA RECTO-VAGINAL CON COLOSTOMIA
3244,FISTULECTOMIA RECTO-VESICAL CON COLOSTOMIA
3245,FISTULECTOMIA RECTO-VESICALO RECTO-VESICO-VAGINAL
3246,FISTULECTOMIA TORACICOABDOMINAL
3247,FISTULECTOMIA TORACICOGASTRICA
3248,FISTULECTOMIA TORACICOGASTRICA
3249,FISTUL0TOMIA ANAL
3251,GASTRECTOMIA SUBTOTAL REDICAL SOD
3253,GASTRODUODENOSTOMIA SOD
3255,GASTROSTOMIA POR LAPARATOMIA
3256,GASTROYEYUNOSTOMIA SOD
3257,HEMICOLECTOMIA DERECHA
3258,HEMICOLECTOMIA IZQUIERDA
3259,HEPATECTOMIA DE DOS SEGMENTOS
3260,HEPATECTOMIA DERECHA O IZQUIERDA
3261,HEPATECTOMIA TOTAL OBTENCION DE ORGANO
3262,HEPATECTOMIA TRISEGMENTARIA
3265,HEPATORRAFIA SIMPLE
3267,HERNIORRAFIA EPIGASTRICA
3268,HERNIORRAFIA EPIGASTRICA CON PROTESIS
3269,HERNIORRAFIA EPIGASTRICA REPRODUCIDA
3270,HERNIORRAFIA FEMORAL O CRURAL ENCARCELADA
3271,HERNIORRAFIA FEMORAL O CRURAL POR DESLIZAMIENTOS
3272,HERNIORRAFIA INGUINAL CON INJERTO O PROTESIS
3273,HERNIORRAFIA INGUINAL ESCARCELADA
3274,HERNIORRAFIA INGUINAL INDIRECTA
3275,HERNIORRAFIA INGUINAL REPRODUCIDA
3276,HERNIORRAFIA ISQUIATICA
3277,HERNIORRAFIA ISQUIORRECTAL
3278,HERNIORRAFIA LUMBAR
3279,HERNIORRAFIA OBTURADORA
3280,HERNIORRAFIA UMBILICAL
3281,HERNIORRAFIA UMBILICAL CON PROTESIS
3282,HERNIORRAFIA UMBILICAL REPRODUCIDA
3283,HETEROTRASPLANTE DE PANCREAS
3284,HOMOTRASPLANTE DE PANCREAS SOD
3285,ILECTOMIA
3286,ILEOSTOMIA CONTINENTE SOD
3288,INCISION DE ESTENISIS RECTAL
3289,INCISION DE TABIQUE ANAL
3291,LAPARATOMIA EXPLORATORIA
3293,LAVADO PERITONEAL DIAGNOSTICO
3294,LAVADO PERITONEAL TERAPEUTICO
3297,LIGADURA DE VARICES GASTRICAS VIA ABIERTA SOD
3299,LIGADURA Y ESCISION DE SAFENA INTERNA
3298,LIGADURA Y ESCISION DE SAFENA EXTERNA
3304,MARSUPIALIZACION ABDOMINAL POR PANCREATITIS
3305,MARSUPIALIZACION DE QUISTE DEL PANCREAS SOD
3306,MARSUPIALIZACION DE QUISTE PILONIDAL
3307,MIOMECTOMIA ANO-RECTAL
3310,OMENTECTOMIA PARCIAL
3311,OMENTECTOMIA TOTAL
3312,ONFALECTOMIA
3313,PANCREANECTOMIA SUBTOTAL (OPERACION DE CHILD) SOD
3314,PANCREANECTOMIA DISTAL CON ESPLENECTOMIA
3315,PANCREANECTOMIA PROXIMAL SOD
3316,PANCREANECTOMIA TOTAL POR NECIDIOBLASTOSIS SOD
3317,PANCRAENECTOMIA TOTAL (OBTENCION DEL ORGANO) SOD
3318,PANCREATICODUODENECTOMIA PROXIMAL (WHIPPLE) SOD
3319,PANCREATICODUODENECTOMIA  TOTAL SOD
3320,PANCREATO--YEYONOSTOMIA TERMINO LATERAL
3321,PILOROMIOTOMIA SOD
3322,PILOROPLASTIA-PILORECTOMIA ANTERIOR SOD
3323,PLICATURA DE DIAFRAGMA POR EVENTRACION
3324,PLICATURA DE PERITONEO (NOBLE MODIFICADA)
3325,PLICATURA INTESTINAL (OPERACION DE NOBLE)
3326,"PROCTECTOMIA PARCIAL, VIA TRANS-SACRA (KRASKE)"
3328,PROCTOSIGMOIDOPEXIA
3329,PROTOCTOMIA POR VIA ABDOMINAL O PERINEAL
3330,PROSTATECTOMIA RADICAL (PROSTATOVESICULECTOMIMIA)
3331,PROSTATECTOMIA TRANSVESICAL
3332,PROTECTOMIA COMPLETA
3333,PROTECTOMIA CON DESCENSO ABDOMINO-PERINEAL
3334,PROTOPEXIA ABDOMINAL
3335,RE EXPLORACION DE VIAS BILIARES
3336,REANASTOMOSIS DEL ESTOMAGO POR DESHISCENCIA DE LA
3337,"RECONSTRUCCION DE ANO, POR ATRESIA ANAL"
3338,RECONSTRUCCION DE VIAS BILIARES
3339,REDUCCION DE PROLAPSO ANAL
3342,REINTERVENCION DE ANASTOMOSIS INTESTINAL SOD
3344,REMODELACION DE ENTEROSTOMIA
3348,REPARAC BILATERAL DE HERNIA INGUINAL DIRECTA
3349,REPARAC BILATERAL DE HERNIA INGUINAL INDIRECTA
3350,REPARAC DE FISTULA PERIRRECTAL
3351,REPARACION DE HERNIA DIAFRAGMATICA VIA ABDOMINAL
3352,REPARACION DE HERNIA DIAFRAGMATICA VIA TORACICA
3354,REPARACION DE HERNIA INCISIONAL (EVENTRACION)
3355,REPARACI D ESTENOSISI RECTAL CON RESECCION D ANILL
3356,REPARACION DE LESION OBSTETRICA ANTIGUA DE RECTO
3357,REPARACION D RECTO PROLAPSADO X INFILTRACION PERIR
3358,RESECCION ANTERIOR D RECTO CON COLOSTOMIA SIMULTAN
3359,RESECCION DE FISURA ANAL (FISURECTOMIA)
3360,RESECCION D LESION BENIGNA O MALIGNA EN EPIPLON-ME
3361,RESECCION D LESION O TEJIDO D INTESTINO GRUESO SOD
3362,RESECCION DE LESION O TEJIDO DE PANCREAS SOD
3363,RESECCION DE MUÒON RECTAL POST-DUHAMEL
3365,RESECCION DE QUISTE HIDATIDICO
3366,RESECCION DE QUISTE VITELINO O SENO UMBICAL
3370,RESECCION DE TUMOR MALIGNO EN LA PARED ABDOMINAL
3371,RESECCION TUMOR RECTAL X PROCTECTOMIA TRANS-ANAL
3372,RESECCION DE TUMOR RECTAL POR VIA TRANS-ANAL
3373,RESECCI TUMOR RETROPERITONEAL CON DISECCION ESTRUC
3374,RESECCION TUMOR RETROPERITONEAL VACIAMIENTO GANGLI
3375,RESECCION EN CU—A DE HIGADO
3376,RESECCI INTESTINAL CONDUCTO ONFALOMESENTERICO SOD
3377,RESECCION INTESTINAL DE DIVERTICULOS
3378,RESECCION INTESTINAL DE TUMOR
3379,RESECCION INTESTINA Y QUISTE X PERITONITIS MECONIA
3380,RESECCION POSTERIOR DE RECTO
3381,RESECCION QUISTE PILONIDAL (CIERRE PARCIAL O ESCIS
3382,RESECCION RECTO CON RECONSTRUCCION TIPO PULL-THORO
3383,RESECCION SEGMENTAREA MULTIPLE INTESTINO DELGADO
3384,RESECCION TOTAL INTESTINO DELGADO
3385,RESECCION DE DUPLICACION INTESTINAL
3386,RETIRO DE ATRESIA DE CERCLAJE
3387,REVISION DE ANASTOMOSIS DE LAS VIAS BILIARES
3388,SIGMOIDECTOMIA
3389,SUPRARRENALECTOMIA (ADRENALECTOMIA) UNILATERAL SOD
3390,"SUPRERRENALECTOMIA (ADRENALECTOMIA), PARCIAL SOD"
3391,SUTURA DESGARRO HERIDA ESTOMAGO(GASTRORRAFIA) SOD
3392,SUTURA DE HERIDA DE DUODENO
3393,SUTURA DE HERIDA DE INTESTINO GRUESO
3394,SUTURA DE LACERACION DE RECTO (PROCTORRAFIA)
3395,SUTURA LACERACION DIAFRAGMATICA VIA ABDOMINAL LAPA
3396,SUTURA DE LACERACION DIAFRAGMATICA VIA TRANSTORACI
3397,SUTURA DE LACERACION O DESGARRO DE ANO
3398,SUTURA DE ULCERA DUODENAL SOD
3399,SUTURA ULCERA PERFORADA CON VAGOTOMIA-EPIPLOPLASTI
3400,SUTURA DE ULCERA GASTRICA SOD
3401,SUTURA SIMPLE DE COLEDOCO
3402,SUTURA SIMPLE DE PANCREAS
3403,TOMA DE INGERTO( SUPRARRENALECTOMIA) PARA IMPLANTE
3405,TRANSPLANTE AUXILIAR DE HIGADO
3406,VAGOTOMIA SELECTIVA O SUPRESELECTIVA SOD
3407,VAGOTOMIA TRONCULAR Y PILOROPLASTIA SOD
3408,VARICOCELECTOMIA CON LIGADURA ALTA VENA ESPERMATIC
3409,VARICOCELECTOMIA CON PRESERVACION DE LA ARTERIA
3410,VENECTOMIA PERIFERICA ( DE GRUESO CALIBRE)
3411,YEYUNDECTOMIA
3412,YEYUNOSTOMIA
3588,DRENAJE MAMA D COLECCION X MASTOTOMIA O MASTOTOMIA
3589,EXTRACI CUERPO EXTRA—O-MAMA MASTOTOMIA PA GRANULOM
3590,ENCISION SELECTIVA DE CANAL GALACTOFORO
3591,ENCISION EN BLOQUE DE CONDUCTOS GALACTOFORO
3592,RESECCION LOCAL LESION MAMA INCLUY RESECCION NODUL
3593,ENCISION DE PEZON ACCESORIO O SUPERNUMERARIO
3594,ENCISION DE PEZON
3595,MASTECTOMIA SIMPLE UNILATERAL
3596,MASTECTOMIA SIMPLE TOTAL BILATERAL
3597,MASTECTOMIA SIMPLE AMPLIADA BILATERAL
3598,MASTECTOMIA SIMPLE ENCISION GANGLIO LINFATICO REGI
3599,MASTECTOMIA SUBCUTANEA CON RECONSTRUCCION SIMULTAN
3600,"ENCISION MAMA, MUSCULOS PECTORALES Y GANGLIOS LINF"
3601,MASTECTOMIA RADICAL BILATERAL
3603,MASTECTOMIA RADICAL AMPLIADA BILATERAL
3604,MASTECTOMIA RADICAL MODIFICADA UNILATERAL
3605,MASTOPLASTIA DE REDUCCION POR GINECOMASTIA
3606,RESECCION DE CUADRANTE DE MAMA
3607,MASTECTOMIA SUBTOTAL
3608,"OOFOROSTOMIA, INCLUYE DRENAJE DE ABSCESO O QUISTE"
3609,PUNCION Y DRENAJE DE DESION D OVARIO X LAPARATOMIA
3610,RESECCION CUNEIFORME EN OVARIO
3611,CISTECTOMIA DE OVARIO POR LAPARATOMIA
3612,RESECCION DE TUMOR DE OVARIO POR LAPARATOMIA
3613,RESECCION DE QUISTE PARA OVARICO POR LAPATOMIA
3614,OFOROSTOMIA
3615,OOFORECTOMIA UNILATERAL POR LAPARATOMIA
3616,OOFORECTOMIA BILATERAL POR LAPARATOMIA
3617,ENCISION DE OVARIO REMANENTE SOLITARIO O UNICO
3618,OOFORECTOMIA UNILATERAL CON OMENTECTOMIA X LAPARAT
3619,OOFORECTOMIA BILATERAL CON OMENTECTOMIA X LAPARATO
3620,OOFORECTOMIA UNILATERAL POR LAPARATOMIA
3621,OOFORECTOMIA BILATERAL POR LAPARATOMIA
3622,CITORREDUCCION DE TUMOR DE OVARIO
3623,CITOREDUCCION TUMOR-LIGAMENTO ANCHO O UTERO SACRO
3624,OFOROPLASTIA
3625,OOFORORRAFIA SIMPLE
3626,SALPINGECTOMIA UNILATERAL TOTAL POR LAPARATOMIA
3627,SALPINGECTOMIA BILATERAL TOTAL POR LAPARATOMIA
3628,ENCISION DE TROMPA DE FALOPIO REMANENTE
3629,ENCISION DE LESION CON SALPINGECTOMIA PARCIAL
3630,ENCISION-OOFORECTOMIA UNILATERAL POR LAPAROTOMIA
3631,ENCISION DE UN OVARIO CON RESECION DE TROMPA
3632,SALPINGO-OOFORECTOMIA BILATERAL POR LAPARATOMIA
3633,SECCION Y/O LIGADURA TROMPAS FALOPIO MINILAPARATOM
3634,SALPINGOSTOMIA Y DRENAJE TROMPA FALOPIO LAPARATOMI
3635,SALPINGOSTOMIA POR LAPARATOMIA
3636,SALPINGOPLASTIA (FIMBROPLASTIA)POR LAPARATOMIA
3637,SALPINGOPLASTIA O SALPINGONEOSTOMIA X MICROCIRUGIA
3638,SALPINGO-OOFOROPLASTIA (OPERACION DE ESTES)
3639,LIBERACION O LISIS ADHERENCIAS OVARIOS X LAPAROTOM
3640,SALPINGOLISIS POR LAPARATOMIA
3641,LIBERACION O LISIS ADHERENCIAS OVARIO-TROMPAS LAPA
3642,SUTURA SIMPLE DE TROMPA DE FALOPIO POR LAPARATOMIA
3643,RESECCION DE LESION EN MESOSALPINX POR LAPARATOMIA
3644,RESECCION TUMOR DE LIGAMENTO ANCHO POR LAPARATOMIA
3645,SECCION DE LIGAMENTO UTERO SACRO POR LAPAROTOMIA
3654,LEGRADO UTERINO GINECOLOGICO DIAGNOSTICO
3655,LEGRADO UTERINO GINECOLOGICO TERAPEUTICO
3656,AMPUTACION DEL CUELLO UTERINO O TRAQUELECTOMIA
3657,ENCISION DE MUÒON CERVICAL VIA VAGINAL O ADBOMINAL
3658,ENCISION MUÒON CERVICAL CON REPARACION D PISO PELV
3659,ENCISION MUÒON CERVICAL CON COLPORRAFIA ANTE-POSTE
3646,DRENAJE D COLECCION D LIGAMENTO ANCHO X LAPARATOMI
3647,HISTEROPEXIA POR LAPAROTOMIA
3648,HISTEROPEXIA LAPARATOMIA CON SIMPATECTOMIA PRESACR
3649,INTERPOSICION TIPO WATKINS
3650,MIOMECTOMIA UTERIA-ESCISION TUMOR FIBROIDE VAGINAL
3651,MIOMECTOMIA UTERINA-ESCISION TUMOR FIBROIDE LAPARA
3652,RETIRO OTRO CUERPO EXTRAÒO PENETRANTE CUELLO UTERI
3653,RESECCION DE POLITO ENDOMETRIAL
3660,ENCISION MUÒON CERVICAL CON CORRECCION D ENTEROCEL
3661,DILATACION Y CURETAJE DE MUÒON CERVICAL
3662,CONIZACION CON RADIOCIRUGIA (LETZ) BAJO COLPOSCOPI
3663,CONIZACION NCOC
3664,CERCLAJE DE ISTMO UTERINO SOD
3665,RETIRO D MATERIAL D CERCLAJE D CUELLO UTERINO SOD
3666,ESCISION POLIPO EN CUELLO UTERINO (CERVIX) NCOC
3667,HISTERORRAFIA X LAPARATOMIA PARA RUPTURA UTERINA
3668,INCISION O ESCISION TABIQUE CONGENITO UTERINO LAPA
3669,CORRECCION DESGARRO-LACERACION OBSTETRI ANTIG UTER
3670,HISTEROPLASTIA (OPERACION DE STRASMAN)
3675,TRAQUELOPLASTIA CON TRAQUELORRAFIA
3676,HISTERECTOMIA TOTAL ABDOMINAL SOD
3677,HISTERECTOMIA SUBTOTAL O SUPRACERVICAL SOD
3681,HISTERECTOMIA VAGINAL
3683,HISTERECTOMIA VAGINAL CON COLPOURETROCISTOPEXIA
3684,HISTERECTOMIA VAGINAL CON REPARACION DE ENTEROCELE
3685,HISTERECTOMIA RADICAL VAGINAL ( OPERACION  SCHAUTA
3686,SECCION ADHERENCIAS UTERINAS-PARED ABDOMINAL LAPAR
3689,IMPLANTACION INTRAUTERINA DE PLATINAS RADIOACTIVAS
3690,DRENAJE D COLECCION D FONDO D SACO (CUPULA VAGINAL
3692,COLPOTOMIA CON DRENAJE DE COLECCION PELVICA
3695,RESECCION DEL TABIQUE VAGINAL
3696,LISIS DE ADHERENCIAS EN VULVA SOD
3699,VAGINECTOMIA O COLPECTOMIA TOTAL SOD
3701,HIMENECTOMIA O HIMENOTOMIA SOD
3702,HIMENORRAFIA O HIMENOPLASTIA SOD
3704,RESECCION DE TUMOR MALIGNO  DE VAGINA
3709,CORRECCION DE SENO UROGENITAL
3710,VAGINOPLASTIA POR VIA ADBOMINAL
3711,VAGINOPLASTIA POR VIA PERINEAL
3712,VAGINOPLASTIA POR VIA ABDOMINOPERINEAL
3713,COLPORRAFIA ANTE CON PLASTIA-REPARACION DE URETROC
3418,ADENOIDECTOMIA+TUBOS VENTILATORIOS(NO INCLUYE TUBO
3715,REPARACION DE ENTEROCELE VIA VAGINAL
3716,COLPORRAFIA ANTERIOR Y POSTERIOR
3719,COLPEXIA POR LAPARATOMIA
3720,COLPOPEXIA VIA VAGINAL
3721,URETROCOLPOPEXIA VIA VAGINAL O ABDOMINAL
3722,URETROCOLPOPEXIA REPRODUCIDA VIA VAGINAL O ABDOMIN
3723,REPARACION DE ENTEROCELE VIA ABDOMINAL
3727,RECONSTRUCCION DE VAGINA SOD
3728,CORRECCION D FISTULA COLOVAGINAL (CECOVAGINAL) SOD
3729,CORRECCION D FISTULA RECTOVAGINAL Y /O PERINEAL SO
3730,CORRECCION D OTRAS FISTULAS VAGONOINTESTINALES SOD
3731,CORRECCION D FISTULAS DE VULVA O PERINE SOD
3736,DRENAJE DE COLECCION VULVOPERINEAL SOD
3740,RESECCION GRANULOMA VULVO-PERINEAL
3742,RESECCION D GLANDULA D BARTHOLIN(BARTHOLINECTOMIA)
3743,RESECCION DE GLANDULA DE SKENE
3745,CLITORIDECTOMIA O AMPUTACION TOTAL DE CLITORIS
3746,CLITORIDOTOMIA O ESCISION PARCIAL DE CLITORIS
3748,VULVECTOMIA BILATERAL SIMPLE O PARCIAL
3749,VULVECTOMIA TOTAL O COMPLETA BILATERAL
3750,VULVECTOMIA RADICAL
3751,CORECCION LACERACION OBSTETRICA ANTIGUA EN VAGINA
3752,CORRECION DE LACERACION ANTIGUA VULVA Y PERINE
3753,PERINEOPLASTIA POR DESGARRO ANTIGUO DE PERINE
3766,CESAREA SEGMENTARIA TRANSPERITONEAL
3767,CESAREA CORPORAL
3770,AMNIOCENTESIS DIAGNOSTICA
3771,AMNIOCENTESIS TERAPEUTICA(NO DELIBERADA ABORTIVA)
3772,HISTEROCTOMIA
3773,ESCISION EMBARAZO ECTOPICO OVARICO SIN OFORECTOMIA
3425,MASTOIDECTOMIA RADICAL+TIMPANOPLASTIA
3775,REMOCION DE EMBARAZO ECTOPICO ABDOMINAL
3778,REPARA SECUNDARIO DE EPISIOTOMIA
3779,CORDOCENTESIS
3419,AMIGDALECTOMIA + CAUTERIZACION DE CORNETES
3420,AMIGDALECTOMIA + TUBOS VENTILATORIOS
3421,AMIGDALECTOMIA+TUBOS VENTILATORIOS (NO INCLUYE TUB
3422,CIRUGIA DE LARINGE
3426,SEPTORRINOPLASTIA FUNCIONAL
3423,CIRUGIA ENDOSCOPICA TRANSNASAL
3424,ESTAPEDECTOMIA
3427,INYECCION DE GRASA INTRAORAL
3428,MIRINGOSENTESIS INCLUYE TUBOS VENTILACION
3429,TURBINECTOMIA BILATERAL
3430,TURBINECTOMIA UNILATERAL
3431,MIRINGOSENTESIS NO INCLUYE TUBOS VENTILACION
3096,LAPAROSCOPIA OPERATORIA
3097,RESSECCION DE GANGLIOS
3098,RESSECCION DE EXOSTOSIS BILATERAL
3099,TUNEL CARPIANO BILATERAL
3108,RESSECCION QUISTE RENAL
3109,RESSECCION DE TUMORACION CON BAKER DE RODILLA
3112,HERNIA INGLINAL ESCROTAL
3116,COLPORRAFIA ART. Y POST + PERINEORRAFIA
3118,SAFENECTOMIA + VARICEPTOMIA MULTIPLE
3120,OSTEOSINTESIS DE RADIO
3125,REDUCCION CERRADA D EDIFISIS SEPARADA  RADIO-CUBIT
3151,HEMORROIDES MIXTAS + RESECCION PLIEGUES ANALES
3127,OSTEOSITESIS+OSTEOTOMIA DE FALANGE
3128,MAXILOETMOIDECTOMIA+SEPTOPLAST+TURBINOPLAST ENDOSC
3129,HERNIA INGLINAL + HERNIA UMBILICAL
3131,ADENOIDECTOMIA + CAUTERIZACION DE CORNETES
3132,EXTIRPACION D TUMOR OVARIA + BIOPSIA X CONGELACION
3134,FIJACI INTERMAXILAR+REDUCION ABIER D FRACT MANDIBU
3135,URETEROLITOMIA + COLOCACION DE CATETER
3136,CESAREA + POMEROY
3137,HEMORROIDECTOMIA + PROLAPSO MUCOSA RECTAL
3143,HEMIGASTERECTOMIA SUBTOTAL
3148,LAPAROSCOPIA + LIBERACION DE ADHERENCIAS
3149,ORQUIDECTOMIA + CIRCULACION
3150,RETIRO Y REEMPLAZO MALLA ABDOMINAL
462,RX DE PERIODONCIA
464,RX PERIAPICAL PARCIAL
757,TOPICACIONES
758,COLOCACION DEL DIU (T DE COBRE)
759,CRIOTERAPIA
760,OCT(TOMOGRAFIA COHERENCIA OPTICA)2 OJOS
761,TERAPIA DE PISO PELVICO
762,BIOPSIA DE HUESO
763,VACUMTERAPIA
764,GIMNASIA PASIVA
765,MASCARILLA DE LODO
766,TRATAMIENTO PREQUIRUGICO
767,TRATAMIENTO POSTQUIRURGICO
768,MASAJE REDUCTOR ANTICELULITICO
769,TRATAMIENTO GLUTEOS
770,TRATAMIENTO POSTPARTO
771,TERMOTERAPIA
772,VENDAS FRIAS
773,PARAFANGO
774,ULTRASONIDO
775,HIDROLIPOCLASIA
776,BOTOX
777,OXIGENACION
778,BIOPSIA ENDOMETRIO
779,BIOPSIA DE VULVA
780,BIOPSIA TRU-CUT
781,CONO-LENTZ
782,BLANQUEAMIENTO LASER
783,MANOMETRIA
784,CITOLOGIA ASPIRATIVA CON AGUJA FINA
785,PUNCION LUMBAR
786,PHMETRIA
787,ESTUDIO INMUNOHISTOQUIMICO BIOPSIA
788,OCT(TOMOGRAFIA COHERENCIA OPTICA)1 OJO
789,ROTAVIRUS
2033,ESTIMULACION MUSICAL Y PLASTICAS BEBES
2034,"INTEGRADO DE MUSICA,DANZA Y PLASTICA NIÒ"
2035,TALLER PERSONALIZADO INSTRUMENTOS NIÒOS
2036,"TALLER GRUPO CANTO,TEATRO,DANZA,NIÒOS"
2037,TALLER GRUPAL DANZA ADULTOS
2038,VACIONES ARTISTICAS
2039,CICLO DE VIGILANCIA INTRODUCCION
2040,CICLO DE VIGILANCIA BASICO
2041,CICLO DE VIGILANCIA AVANZADO
2042,CICLO DE SUPERVISOR DE VIGILANCIA BASICO
2043,CICLO DE SUPERVISOR DE VIGILANCIA AVANZA
2044,CICLO DE ESCOLTA BASICO
2045,CICLO DE ESCOLTA AVANZADO
2046,TEC ADMINISTRACION EN DEPORTE
2047,TEC AUXILIAR DE ENFER CON ATEN PREHOSPIT
790,TEST DE SUDOR
791,MANOMETRIA ESOFAGICA
792,VIDEOFLUOROSCOPIA
793,MANOMETRIA DE ESFINTER ANAL
794,POTENCIAL EVOCADO SOMATO-SENSITIVO
795,TEST DE ALERGIA ALIMENTICIA Y ALERGENOS
796,TOMOGRAFIA MACULA
797,VENTICULOGRAFIA NUCLEAR
798,TEST CON NRHOLHRN MIDIENDO LMSSH 30-60-90
799,ELECTROMIOGRAFIA LARINGEA
800,DADROCISTOGRAFIA
801,UBRALES DE CAMPO DINAMICO
802,TOMOGRAFIA OPTICA COHERENTE
803,PERFUSION MIOCARDICA CON ISONITRILLOS
1499,RUMBOTERAPIA
2708,CONSULTA VETERINARIA
2709,VACUNAS CANINAS
2700,CURSO DE CONDUCCION 15 HORAS
2701,CURSO DE CONDUCCION 10 HORAS
2702,CURSO DE CONDUCCION VEHICULO PESADO 15 HORAS
2703,CURSO DE CONDUCCION VEHICULO PESADO 10 HORAS
2704,CURSO DE CONDUCCION MOTO 5 HORAS
2705,LICENCIAS DE CONDUCCION 2DA-3RA-4TA CATEGORIA
2706,LICENCIAS DE CONDUCCION 5TA CATEGORIA
2707,LICENCIA INTERNACIONAL
2710,PELUQUERIA CANINA
2711,RX CANINA
2712,LABORATORIO CANINO
2713,ALIMENTO Y/O CONCENTRADO
2714,ACCESORIOS CANINOS
2715,PROCEDIMIENTOS Y/O CIRUGIAS
2716,REPUESTOS PARA MOTOS
2717,VENTA DE MOTOS
2718,VIAJES AEREOS
2719,VIAJES TERRESTRES
2720,GIMNASIO
2721,ASESORIAS JURIDICAS
2722,ASESORIAS CONTABLES
2723,FORMACION EN FUTBOL
2724,FORMACION EN BALONCESTO
2725,FORMACION EN NATACION
2726,FORMACION EN PATINAJE
2727,FORMACION EN TAEKWONDO
2728,CANCHAS SINTETICAS
2729,REVELADO
2730,FOTOS PARA DOCUMENTOS
2731,FOTOESTUDIO
2732,FILMACIONES
2733,ALBUM
2734,CURSO PERSONALIZADO BAILE
2735,CURSO DE FORMACION BAILE NI•OS DE 4 A 5 A§OS
2736,CURSO DE FORMACION BAILE NI•OS DE 6 A 9 A§OS
2737,CURSO DE FORMACION BAILE NI•OS DE 10 A 13 A§OS
2738,RUMBOTERAPIA
2739,ESTIMILACION TEMPRANA BAILE NI•OS 6MESES A 3 A•OS
2740,RESTAURANTE
2741,MANTENIMIENTO DE PC E IMPRESORAS
2742,COMPRA DE ACCESORIOS PARA PC
2743,"SALAS,COMEDORES,ALCOBAS,COLCHONES,ACCESORIOS"
2744,"CLOSETS,PUERTAS,COCINAS EN MADERA"
2745,CORTE NI•OS Y NI•AS
2746,PEINADOS NI•AS
2747,"HILOS,HILAZAS,TELAS,ENCAJES,RESORTES,CIERRES"
2748,"LICRAS,BLONDAS,BOTONES"
2749,MACHIMBRE PARA CIELO RAZO
2750,PISOS Y GUARDA ESCOBAS
2751,FERRETERIA
2752,PAPELERIA
2753,"CONFECCION Y VENTA UNIFORMES,CAMISETAS"
2754,CONFECCION Y VENTA DE ARTICULOS DEPORTIVOS
2755,VENTA DE LIBROS Y REVISTAS
2756,ALQUILER CONFECCION Y VENTA DE TRAJES
2757,"CLASES DE PIANO,GUITARRA,BATERIA,VOCALIZACION"
2758,"CORTE,CEPILLADO,EXTENCIONES,PELUCAS NATURALES"
2759,MAQUILLAJE Y COSMETOLOGIA EN GENERAL
2760,MANICURE Y PEDICURE
2761,PRODUCTOS CANASTA FAMILIAR
2762,COSMETOLOGIA Y BELLEZA
2763,ROPA INFANTIL
2764,ROPA ADULTOS
2765,ELECTRODOMESTICOS
2766,REPUESTOS PARA CARRO
2767,ODONTOLOGIA CANINA
2768,HOSPITALIZACION CANINA
2769,CONSULTA VETERINARIA A DOMICILIO
2770,MAQUILLAJE ARTISTICO
804,CITOLOGIA BAJO COLPOSCOPIA
805,ECO ESCROTAL
807,ANTICUERPO ANTICITRULINA
808,FSH (HORMONA FOLICULO ESTIMULANTE)
806,ECO UROTAC
809,SISY (PRUEBA DE RECLUTAMIENTO)
811,PRUEBA DE FUNCION TUBARICA
812,ELECTROCOCLEOGRAFIA(ECOG)
813,POTENCIAL MIOGENICO VESTIBULAR
814,AUDIOMETRIA EXTENDIDA
815,LOGOAUDIOMETRIA SENSIBILIZADA
816,PRUEBA DE SISTEMA OSTEOINTEGRADO-BAHA
817,TERAPIA DE REHABILITACION VESTIBULAR/SECCION
818,TERAPIA AUDITVA/IMPLANTES
819,PRUEBA PROCESAMIENTO AUDITIVO
820,RESONAN PARES CRANEANOS
821,RESONAN VIAS BILIARES
822,RESONAN MIEMBRO INFE SIN ARTICULACIONES
823,RESONAN MIEMBRO SUPE SIN ARTICULACIONES
824,RESONAN PLEJO BRAQUIAL
825,RESONAN DE SITIO NO ESPECIFICADO
2771,YOGA
2772,MASAJE SUECO Y/O SHIATSU
2773,REFLEXOLOGIA PODAL
2774,REIKI
2775,DANZA CUANTICA
2776,SOAT BONO PREVISER
2777,SOAT PARTICULAR
415,BACTERIOLOGO
